"시군구별(1)","시군구별(2)",급여형태별(1),급여형태별(2),2024,2024,2024,2024,2024
"시군구별(1)","시군구별(2)",급여형태별(1),급여형태별(2),진료실인원수 (명),입내원일수 (일),요양급여일수 (일),진료비 (천원),급여비 (천원)
"계","소계",합계,소계,48722212,1081526882,11999702897,116237515230,87577443729
"계","소계",의료기관,소계,48691981,1080241721,1724387859,92177651722,70053689183
"계","소계",의료기관,입원,7252920,134139246,213713205,40568250091,33118984455
"계","소계",의료기관,외래,48507102,946102475,1510674654,51609401631,36934704728
"계","소계",약국,소계,46649374,532927645,10275315038,24059863508,17523754546
"서울","소계",합계,소계,8857929,191570524,2129812729,20368804493,15274517518
"서울","소계",의료기관,소계,8854181,191546195,303049087,16241867179,12264979624
"서울","소계",의료기관,입원,1071513,16288080,28156469,6180387873,5091803009
"서울","소계",의료기관,외래,8831022,175258115,274892618,10061479306,7173176615
"서울","소계",약국,소계,8451395,92262316,1826763642,4126937314,3009537894
"서울","종로구",합계,소계,134767,2769373,32450186,315001606,235541650
"서울","종로구",의료기관,소계,134703,2769150,4420412,253095481,190392824
"서울","종로구",의료기관,입원,15363,276640,454707,101052072,83068168
"서울","종로구",의료기관,외래,134322,2492510,3965705,152043409,107324656
"서울","종로구",약국,소계,126583,1253081,28029774,61906126,45148826
"서울","중구",합계,소계,122831,2637800,29424804,297331352,223772599
"서울","중구",의료기관,소계,122772,2637485,4285645,241492037,183165496
"서울","중구",의료기관,입원,15222,255516,429746,95167256,78899945
"서울","중구",의료기관,외래,122384,2381969,3855899,146324781,104265552
"서울","중구",약국,소계,116293,1209768,25139159,55839315,40607103
"서울","용산구",합계,소계,191954,3922364,45113984,436229793,327156640
"서울","용산구",의료기관,소계,191882,3922039,6434558,350810170,264827096
"서울","용산구",의료기관,입원,22563,344719,591629,137126512,114110070
"서울","용산구",의료기관,외래,191298,3577320,5842929,213683658,150717026
"서울","용산구",약국,소계,181336,1810851,38679426,85419623,62329545
"서울","성동구",합계,소계,261204,5816163,62865836,614351799,459317784
"서울","성동구",의료기관,소계,261019,5815313,9164592,491656453,369816228
"서울","성동구",의료기관,입원,33045,473067,823882,185499372,152905706
"서울","성동구",의료기관,외래,260253,5342246,8340710,306157081,216910521
"서울","성동구",약국,소계,249424,2822285,53701244,122695346,89501556
"서울","광진구",합계,소계,318172,6671606,72793021,703188863,525038076
"서울","광진구",의료기관,소계,318036,6670648,10592130,561521736,422063159
"서울","광진구",의료기관,입원,36763,520918,923429,206489339,169293808
"서울","광진구",의료기관,외래,317333,6149730,9668701,355032397,252769350
"서울","광진구",약국,소계,303264,3276270,62200891,141667127,102974918
"서울","동대문구",합계,소계,322084,7027925,79371946,762860262,572897570
"서울","동대문구",의료기관,소계,321956,7026993,11583587,608858146,461006551
"서울","동대문구",의료기관,입원,40667,629977,1104497,244774968,202278183
"서울","동대문구",의료기관,외래,321085,6397016,10479090,364083178,258728368
"서울","동대문구",약국,소계,306363,3355187,67788359,154002116,111891019
"서울","중랑구",합계,소계,349899,8256573,92538159,883388059,667643049
"서울","중랑구",의료기관,소계,349756,8255246,12948755,702597094,536192833
"서울","중랑구",의료기관,입원,48764,737583,1323596,281322537,233277962
"서울","중랑구",의료기관,외래,348863,7517663,11625159,421274557,302914871
"서울","중랑구",약국,소계,336043,4024009,79589404,180790966,131450217
"서울","성북구",합계,소계,396867,8617963,98070934,928111050,697171329
"서울","성북구",의료기관,소계,396632,8617004,13520815,735866656,557050228
"서울","성북구",의료기관,입원,48509,753847,1309981,289972874,238854570
"서울","성북구",의료기관,외래,395599,7863157,12210834,445893782,318195658
"서울","성북구",약국,소계,378928,4205654,84550119,192244394,140121101
"서울","강북구",합계,소계,256711,6099920,71618493,666681421,503904762
"서울","강북구",의료기관,소계,256647,6099275,9418889,526071496,401564669
"서울","강북구",의료기관,입원,35942,597279,1012294,214256219,175878042
"서울","강북구",의료기관,외래,255849,5501996,8406595,311815278,225686628
"서울","강북구",약국,소계,245822,2909167,62199604,140609925,102340092
"서울","도봉구",합계,소계,280025,6470293,77188528,692023847,523359028
"서울","도봉구",의료기관,소계,279893,6469460,10109640,540428897,412962520
"서울","도봉구",의료기관,입원,37380,593325,1001259,220006061,181826359
"서울","도봉구",의료기관,외래,279096,5876135,9108381,320422837,231136162
"서울","도봉구",약국,소계,268806,3119213,67078888,151594950,110396508
"서울","노원구",합계,소계,452323,9997002,113381097,1033284079,780914280
"서울","노원구",의료기관,소계,452140,9995967,15356070,812291296,619834614
"서울","노원구",의료기관,입원,54529,844423,1454233,311025961,258494167
"서울","노원구",의료기관,외래,450986,9151544,13901837,501265335,361340447
"서울","노원구",약국,소계,433744,4925960,98025027,220992783,161079666
"서울","은평구",합계,소계,426840,9812580,109356535,1041272276,784829940
"서울","은평구",의료기관,소계,426696,9811617,15209830,823593531,625601470
"서울","은평구",의료기관,입원,51340,846355,1422759,313297604,258040281
"서울","은평구",의료기관,외래,425631,8965262,13787071,510295927,367561189
"서울","은평구",약국,소계,409130,4683915,94146705,217678745,159228470
"서울","서대문구",합계,소계,288292,6227039,69870517,662108534,496182923
"서울","서대문구",의료기관,소계,288157,6226294,9782374,521982876,393453947
"서울","서대문구",의료기관,입원,32388,541552,909293,200680861,164873746
"서울","서대문구",의료기관,외래,287337,5684742,8873081,321302015,228580201
"서울","서대문구",약국,소계,274462,2989751,60088143,140125659,102728976
"서울","마포구",합계,소계,344445,7025947,75371346,737366838,550638734
"서울","마포구",의료기관,소계,344306,7025135,11370311,590494651,443248482
"서울","마포구",의료기관,입원,36546,585448,991617,214835699,176221119
"서울","마포구",의료기관,외래,343501,6439687,10378694,375658952,267027363
"서울","마포구",약국,소계,327433,3381705,64001035,146872187,107390252
"서울","양천구",합계,소계,404446,8812677,97332082,930580321,697291158
"서울","양천구",의료기관,소계,404165,8811641,13560488,740178630,557906545
"서울","양천구",의료기관,입원,48930,739377,1294059,290301275,238351060
"서울","양천구",의료기관,외래,403198,8072264,12266429,449877355,319555484
"서울","양천구",약국,소계,387984,4330019,83771594,190401691,139384613
"서울","강서구",합계,소계,516723,11190398,122073173,1201559812,900209294
"서울","강서구",의료기관,소계,516559,11189181,17004173,960693691,724008261
"서울","강서구",의료기관,입원,64071,944339,1652120,367218695,299714762
"서울","강서구",의료기관,외래,515257,10244842,15352053,593474996,424293500
"서울","강서구",약국,소계,494645,5485015,105069000,240866120,176201033
"서울","구로구",합계,소계,386954,8697825,96952407,968558601,730807694
"서울","구로구",의료기관,소계,386809,8696831,13335686,774335440,588928770
"서울","구로구",의료기관,입원,52874,836179,1449074,326248708,268984706
"서울","구로구",의료기관,외래,385638,7860652,11886612,448086732,319944065
"서울","구로구",약국,소계,370250,4314974,83616721,194223161,141878924
"서울","금천구",합계,소계,223242,4845259,56913713,548375792,414709510
"서울","금천구",의료기관,소계,223139,4844492,7391134,434374825,331169596
"서울","금천구",의료기관,입원,31717,482039,865830,180119274,148568281
"서울","금천구",의료기관,외래,222426,4362453,6525304,254255551,182601315
"서울","금천구",약국,소계,213763,2444101,49522579,114000966,83539914
"서울","영등포구",합계,소계,377675,7972234,87518729,872317103,655194002
"서울","영등포구",의료기관,소계,377553,7971317,12328520,700645509,530075921
"서울","영등포구",의료기관,입원,49622,730698,1250897,280593556,231903598
"서울","영등포구",의료기관,외래,376437,7240619,11077623,420051953,298172323
"서울","영등포구",약국,소계,359861,3883352,75190209,171671594,125118082
"서울","동작구",합계,소계,356638,7661160,84595058,821192400,615044867
"서울","동작구",의료기관,소계,356486,7660398,12243324,660177426,497809180
"서울","동작구",의료기관,입원,43886,649475,1099444,254066410,209926401
"서울","동작구",의료기관,외래,355563,7010923,11143880,406111015,287882779
"서울","동작구",약국,소계,339811,3628689,72351734,161014975,117235687
"서울","관악구",합계,소계,447290,9276329,100790445,994270989,748209477
"서울","관악구",의료기관,소계,447142,9275149,15131752,800903979,607673481
"서울","관악구",의료기관,입원,55398,814236,1384389,308211332,253909241
"서울","관악구",의료기관,외래,446055,8460913,13747363,492692647,353764240
"서울","관악구",약국,소계,424609,4432043,85658693,193367010,140535996
"서울","서초구",합계,소계,393431,7988715,88278815,827832645,611947685
"서울","서초구",의료기관,소계,393247,7987869,13199881,665088541,493198460
"서울","서초구",의료기관,입원,41786,610537,1050519,228957084,188061138
"서울","서초구",의료기관,외래,392260,7377332,12149362,436131457,305137321
"서울","서초구",약국,소계,372805,3721503,75078934,162744104,118749226
"서울","강남구",합계,소계,537411,10654159,117895884,1105158849,815955905
"서울","강남구",의료기관,소계,537162,10652212,18020667,889187848,658582178
"서울","강남구",의료기관,입원,55514,772944,1365057,294650612,241537707
"서울","강남구",의료기관,외래,535861,9879268,16655610,594537236,417044472
"서울","강남구",약국,소계,508796,4918689,99875217,215971001,157373727
"서울","송파구",합계,소계,617961,13115866,140919166,1319469697,982630470
"서울","송파구",의료기관,소계,617738,13113805,20958546,1052547134,788108267
"서울","송파구",의료기관,입원,65041,955004,1651889,352130910,289133054
"서울","송파구",의료기관,외래,616279,12158801,19306657,700416224,498975213
"서울","송파구",약국,소계,590423,6346102,119960620,266922563,194522203
"서울","강동구",합계,소계,449744,10003354,107127871,1006288505,754149090
"서울","강동구",의료기관,소계,449586,10001674,15677308,802973636,606338847
"서울","강동구",의료기관,입원,53653,752603,1340269,282382683,233690935
"서울","강동구",의료기관,외래,448511,9249071,14337039,520590953,372647912
"서울","강동구",약국,소계,430817,4791013,91450563,203314869,147810243
"부산","소계",합계,소계,3022174,76958633,819807172,8272601604,6240591124
"부산","소계",의료기관,소계,3021046,76943396,128629655,6646743087,5055865227
"부산","소계",의료기관,입원,513477,12872129,18522443,3236659546,2612667319
"부산","소계",의료기관,외래,3001502,64071267,110107212,3410083541,2443197908
"부산","소계",약국,소계,2890552,34597195,691177517,1625858517,1184725897
"부산","중구",합계,소계,33304,940558,10265282,106770779,80815815
"부산","중구",의료기관,소계,33286,940506,1589216,86562072,66099895
"부산","중구",의료기관,입원,6067,197986,267712,46603556,37527285
"부산","중구",의료기관,외래,32972,742520,1321504,39958516,28572610
"부산","중구",약국,소계,31562,388612,8676066,20208707,14715920
"부산","서구",합계,소계,93514,2664007,28182863,298567445,225659553
"부산","서구",의료기관,소계,93442,2663761,4251417,240564790,183250122
"부산","서구",의료기관,입원,16923,521304,714084,124120465,100061391
"부산","서구",의료기관,외래,92620,2142457,3537333,116444326,83188731
"부산","서구",약국,소계,89231,1140551,23931446,58002655,42409431
"부산","동구",합계,소계,76853,2140603,23239585,238463239,180668844
"부산","동구",의료기관,소계,76825,2140453,3527802,190783339,145720629
"부산","동구",의료기관,입원,14950,425878,591963,101300728,81776327
"부산","동구",의료기관,외래,76167,1714575,2935839,89482611,63944301
"부산","동구",약국,소계,73236,921651,19711783,47679900,34948215
"부산","영도구",합계,소계,92456,2902893,30368045,331959259,252836963
"부산","영도구",의료기관,소계,92409,2902708,4670703,269255966,207009386
"부산","영도구",의료기관,입원,18568,614726,849336,149303082,120409552
"부산","영도구",의료기관,외래,91496,2287982,3821367,119952883,86599835
"부산","영도구",약국,소계,88514,1223719,25697342,62703293,45827577
"부산","부산진구",합계,소계,330609,8279607,88371135,908763083,685336652
"부산","부산진구",의료기관,소계,330533,8278803,14288264,732297840,557043469
"부산","부산진구",의료기관,입원,57704,1396224,2020791,360987229,291697419
"부산","부산진구",의료기관,외래,328389,6882579,12267473,371310611,265346051
"부산","부산진구",약국,소계,315877,3695798,74082871,176465244,128293182
"부산","동래구",합계,소계,256736,6461944,67168699,667658843,502144692
"부산","동래구",의료기관,소계,256680,6461203,10938016,536717666,407095694
"부산","동래구",의료기관,입원,44162,980786,1458199,251139040,202456774
"부산","동래구",의료기관,외래,255187,5480417,9479817,285578626,204638920
"부산","동래구",약국,소계,245616,2910191,56230683,130941177,95048998
"부산","남구",합계,소계,238973,6199106,65656742,655518034,493763744
"부산","남구",의료기관,소계,238910,6198680,10532774,528290117,401117970
"부산","남구",의료기관,입원,38011,972087,1401533,250371289,202282470
"부산","남구",의료기관,외래,237479,5226593,9131241,277918828,198835500
"부산","남구",약국,소계,228356,2739322,55123968,127227917,92645773
"부산","북구",합계,소계,242927,5999200,65511778,638197707,478689140
"부산","북구",의료기관,소계,242872,5997651,10088324,510687963,385889002
"부산","북구",의료기관,입원,38078,941099,1401666,241797667,194034853
"부산","북구",의료기관,외래,241374,5056552,8686658,268890296,191854149
"부산","북구",약국,소계,232417,2714045,55423454,127509744,92800138
"부산","해운대구",합계,소계,349763,8639748,93337570,915303375,691050671
"부산","해운대구",의료기관,소계,349651,8638229,14200133,732504130,557202350
"부산","해운대구",의료기관,입원,55437,1340075,1924831,339538058,274460512
"부산","해운대구",의료기관,외래,347664,7298154,12275302,392966072,282741838
"부산","해운대구",약국,소계,334451,3916599,79137437,182799245,133848321
"부산","사하구",합계,소계,267372,6989229,75542506,776505911,587008651
"부산","사하구",의료기관,소계,267127,6988520,11180658,621342840,473642149
"부산","사하구",의료기관,입원,48310,1282190,1828077,313079724,253325678
"부산","사하구",의료기관,외래,265250,5706330,9352581,308263116,220316471
"부산","사하구",약국,소계,256665,3264462,64361848,155163071,113366502
"부산","금정구",합계,소계,194654,5188209,55346952,535841575,404842056
"부산","금정구",의료기관,소계,194588,5187532,8674372,429045715,326951454
"부산","금정구",의료기관,입원,32208,910964,1276399,210280306,168543345
"부산","금정구",의료기관,외래,193171,4276568,7397973,218765409,158408109
"부산","금정구",약국,소계,185788,2274936,46672580,106795860,77890602
"부산","강서구",합계,소계,141816,3012649,29301224,309179760,231442994
"부산","강서구",의료기관,소계,141792,3011893,4679824,247145222,186356967
"부산","강서구",의료기관,입원,24384,425389,662542,113234702,91987636
"부산","강서구",의료기관,외래,141133,2586504,4017282,133910521,94369331
"부산","강서구",약국,소계,136130,1530054,24621400,62034538,45086027
"부산","연제구",합계,소계,197386,4994630,52509797,526649706,396462234
"부산","연제구",의료기관,소계,197331,4994249,8449896,423838792,321654721
"부산","연제구",의료기관,입원,33917,803288,1168924,203206918,163769475
"부산","연제구",의료기관,외래,196063,4190961,7280972,220631874,157885246
"부산","연제구",약국,소계,188988,2217623,44059901,102810914,74807514
"부산","수영구",합계,소계,158480,4098798,43703164,439366145,330663923
"부산","수영구",의료기관,소계,158389,4098454,7355955,356220613,270168617
"부산","수영구",의료기관,입원,26397,676654,960382,169045393,135760747
"부산","수영구",의료기관,외래,157352,3421800,6395573,187175220,134407870
"부산","수영구",약국,소계,150632,1704894,36347209,83145532,60495306
"부산","사상구",합계,소계,182162,4626961,51478388,518404455,391307343
"부산","사상구",의료기관,소계,182116,4625911,7808048,416086293,317198175
"부산","사상구",의료기관,입원,31998,808965,1157753,211203530,171400823
"부산","사상구",의료기관,외래,180909,3816946,6650295,204882764,145797352
"부산","사상구",약국,소계,174536,2111755,43670340,102318162,74109168
"부산","기장군",합계,소계,165169,3820491,39823442,405452289,307897850
"부산","기장군",의료기관,소계,165095,3814843,6394253,325399730,249464627
"부산","기장군",의료기관,입원,26363,574514,838251,151447860,123173033
"부산","기장군",의료기관,외래,164276,3240329,5556002,173951869,126291594
"부산","기장군",약국,소계,158553,1842983,33429189,80052559,58433224
"대구","소계",합계,소계,2196593,50518427,562081479,5245527165,3953273454
"대구","소계",의료기관,소계,2196006,50513374,76910677,4133763862,3142581165
"대구","소계",의료기관,입원,296223,6159336,9315401,1736748732,1417491669
"대구","소계",의료기관,외래,2187131,44354038,67595276,2397015130,1725089496
"대구","소계",약국,소계,2108613,25499525,485170802,1111763303,810692289
"대구","중구",합계,소계,91590,1985576,20915917,209372731,158442328
"대구","중구",의료기관,소계,91534,1985516,2905784,168125591,128288022
"대구","중구",의료기관,입원,12807,248680,375954,70906114,58243841
"대구","중구",의료기관,외래,91145,1736836,2529830,97219476,70044181
"대구","중구",약국,소계,87421,984052,18010133,41247140,30154306
"대구","동구",합계,소계,315394,7575603,85984607,790470904,598983165
"대구","동구",의료기관,소계,315322,7574869,11829876,617672794,473095820
"대구","동구",의료기관,입원,46703,935490,1403237,264329558,217271568
"대구","동구",의료기관,외래,314044,6639379,10426639,353343237,255824252
"대구","동구",약국,소계,303314,3864429,74154731,172798110,125887344
"대구","서구",합계,소계,146786,3851452,44075581,414406660,314462780
"대구","서구",의료기관,소계,146745,3851151,5560534,325228360,249317761
"대구","서구",의료기관,입원,22040,560103,814001,150008648,122060330
"대구","서구",의료기관,외래,145941,3291048,4746533,175219712,127257431
"대구","서구",약국,소계,141007,1895910,38515047,89178300,65145018
"대구","남구",합계,소계,120727,3039770,35257764,333943575,252933574
"대구","남구",의료기관,소계,120690,3039548,4737861,264543453,202043074
"대구","남구",의료기관,입원,17272,441500,643121,120007721,97366943
"대구","남구",의료기관,외래,120028,2598048,4094740,144535732,104676131
"대구","남구",약국,소계,115329,1458760,30519903,69400121,50890500
"대구","북구",합계,소계,386976,8663266,95826516,895445250,676251253
"대구","북구",의료기관,소계,386883,8662381,12884423,704747726,536809541
"대구","북구",의료기관,입원,52542,1042315,1591788,294315989,240713855
"대구","북구",의료기관,외래,385379,7620066,11292635,410431737,296095685
"대구","북구",약국,소계,371472,4378841,82942093,190697523,139441713
"대구","수성구",합계,소계,381210,8579606,93971656,861424127,646904057
"대구","수성구",의료기관,소계,381109,8579219,12996785,681027427,515445560
"대구","수성구",의료기관,입원,45620,960107,1422439,265981082,216713015
"대구","수성구",의료기관,외래,379704,7619112,11574346,415046345,298732545
"대구","수성구",약국,소계,365327,4243282,80974871,180396700,131458497
"대구","달서구",합계,소계,485969,10834780,120604873,1119679925,838349676
"대구","달서구",의료기관,소계,485836,10834106,16234514,881924645,665378655
"대구","달서구",의료기관,입원,60683,1221694,1897525,357805279,290769689
"대구","달서구",의료기관,외래,484076,9612412,14336989,524119367,374608966
"대구","달서구",약국,소계,466880,5570415,104370359,237755280,172971021
"대구","달성군",합계,소계,246494,5354301,56986476,544446543,408991780
"대구","달성군",의료기관,소계,246451,5353716,8244752,430104810,325880997
"대구","달성군",의료기관,입원,34546,624008,986633,181861555,148893111
"대구","달성군",의료기관,외래,245552,4729708,7258119,248243256,176987885
"대구","달성군",약국,소계,237377,2841521,48741724,114341732,83110783
"대구","군위군",합계,소계,21447,634073,8458089,76337452,57954841
"대구","군위군",의료기관,소계,21436,632868,1516148,60389056,46321735
"대구","군위군",의료기관,입원,4010,125439,180703,31532788,25459316
"대구","군위군",의료기관,외래,21262,507429,1335445,28856268,20862419
"대구","군위군",약국,소계,20486,262315,6941941,15948396,11633107
"인천","소계",합계,소계,2864874,61417408,677176057,6744592024,5093372919
"인천","소계",의료기관,소계,2863620,61399310,96217416,5365675276,4089178885
"인천","소계",의료기관,입원,429810,6553232,10894834,2346594146,1932586624
"인천","소계",의료기관,외래,2855044,54846078,85322582,3019081129,2156592261
"인천","소계",약국,소계,2749232,31077461,580958641,1378916748,1004194034
"인천","중구",합계,소계,158666,3075355,32910103,344703118,260239659
"인천","중구",의료기관,소계,158600,3074940,4882792,275226821,209732193
"인천","중구",의료기관,입원,22693,326473,540804,120363736,99145641
"인천","중구",의료기관,외래,158081,2748467,4341988,154863085,110586551
"인천","중구",약국,소계,151529,1563463,28027311,69476297,50507467
"인천","동구",합계,소계,54425,1395429,16085919,161812013,122229914
"인천","동구",의료기관,소계,54398,1395308,2157431,128135827,97940213
"인천","동구",의료기관,입원,9503,183635,289176,63816358,51875965
"인천","동구",의료기관,외래,54183,1211673,1868255,64319469,46064248
"인천","동구",약국,소계,52299,664296,13928488,33676186,24289701
"인천","미추홀구",합계,소계,383564,8689417,97465302,991707343,752659870
"인천","미추홀구",의료기관,소계,383381,8687966,13198308,788861546,604941938
"인천","미추홀구",의료기관,입원,60952,1060668,1668228,367779838,302359062
"인천","미추홀구",의료기관,외래,381947,7627298,11530080,421081708,302582876
"인천","미추홀구",약국,소계,368117,4360771,84266994,202845797,147717932
"인천","연수구",합계,소계,390641,7618246,79765719,794114075,595614711
"인천","연수구",의료기관,소계,390524,7617219,11597966,634638350,479418231
"인천","연수구",의료기관,입원,52300,659500,1128774,250604447,206419973
"인천","연수구",의료기관,외래,389576,6957719,10469192,384033903,272998257
"인천","연수구",약국,소계,373871,3908253,68167753,159475726,116196480
"인천","남동구",합계,소계,457705,10163371,112513121,1096933791,826622886
"인천","남동구",의료기관,소계,457540,10161664,15748624,866831074,658953649
"인천","남동구",의료기관,입원,63881,1050672,1744546,369504038,303434556
"인천","남동구",의료기관,외래,456157,9110992,14004078,497327037,355519092
"인천","남동구",약국,소계,439910,5176172,96764497,230102717,167669237
"인천","부평구",합계,소계,466481,10342642,114751028,1129161282,852702081
"인천","부평구",의료기관,소계,466347,10341274,15928306,896660204,683252402
"인천","부평구",의료기관,입원,69101,1075744,1756678,383218244,316154417
"인천","부평구",의료기관,외래,465023,9265530,14171628,513441960,367097985
"인천","부평구",약국,소계,448361,5212262,98822722,232501077,169449679
"인천","계양구",합계,소계,261244,5907113,66072153,643225233,486988744
"인천","계양구",의료기관,소계,260990,5906027,8776672,510510349,390143680
"인천","계양구",의료기관,입원,39582,649449,1084262,228079739,188022591
"인천","계양구",의료기관,외래,260248,5256578,7692410,282430610,202121089
"인천","계양구",약국,소계,251341,2886746,57295481,132714884,96845063
"인천","서구",합계,소계,608625,12270543,129599558,1319692930,996668134
"인천","서구",의료기관,소계,608397,12268424,18593778,1056352872,805044732
"인천","서구",의료기관,입원,96390,1247740,2185669,457702510,379046762
"인천","서구",의료기관,외래,606714,11020684,16408109,598650362,425997970
"인천","서구",약국,소계,585169,6412923,111005780,263340057,191623402
"인천","강화군",합계,소계,64577,1544285,21900800,206608513,156784947
"인천","강화군",의료기관,소계,64503,1535526,3619972,162179192,124378064
"인천","강화군",의료기관,입원,11865,228728,375824,80254170,65512702
"인천","강화군",의료기관,외래,64248,1306798,3244148,81925022,58865362
"인천","강화군",약국,소계,61642,738097,18280828,44429321,32406883
"인천","옹진군",합계,소계,18946,411007,6112354,56633726,42861973
"인천","옹진군",의료기관,소계,18940,410962,1713567,46279040,35373784
"인천","옹진군",의료기관,입원,3543,70623,120873,25271067,20614954
"인천","옹진군",의료기관,외래,18867,340339,1592694,21007973,14758830
"인천","옹진군",약국,소계,16993,154478,4398787,10354685,7488189
"광주","소계",합계,소계,1312116,29896914,291403046,3205406853,2399094775
"광주","소계",의료기관,소계,1311702,29891855,45241733,2598503631,1958091849
"광주","소계",의료기관,입원,255009,6172777,9076752,1302949384,1034729441
"광주","소계",의료기관,외래,1304958,23719078,36164981,1295554247,923362408
"광주","소계",약국,소계,1250916,13627729,246161313,606903222,441002926
"광주","동구",합계,소계,98221,2439784,24612480,266638635,201306735
"광주","동구",의료기관,소계,98196,2439521,3753621,214731423,163365326
"광주","동구",의료기관,입원,19223,505173,728765,108498788,86672019
"광주","동구",의료기관,외래,97589,1934348,3024856,106232635,76693307
"광주","동구",약국,소계,93369,1085252,20858859,51907213,37941409
"광주","서구",합계,소계,258598,5887321,58269477,631972763,470949971
"광주","서구",의료기관,소계,258513,5886860,9014186,511924906,383794828
"광주","서구",의료기관,입원,50046,1207502,1775620,254559279,201244712
"광주","서구",의료기관,외래,257147,4679358,7238566,257365627,182550116
"광주","서구",약국,소계,246410,2648454,49255291,120047857,87155143
"광주","남구",합계,소계,192624,4665186,48023736,505831211,380013372
"광주","남구",의료기관,소계,192574,4664804,7215507,406621053,307582373
"광주","남구",의료기관,입원,36915,967364,1398652,202901731,161597760
"광주","남구",의료기관,외래,191474,3697440,5816855,203719322,145984613
"광주","남구",약국,소계,183881,2093998,40808229,99210157,72430999
"광주","북구",합계,소계,389951,9157522,88821493,989739284,742191095
"광주","북구",의료기관,소계,389838,9156447,13689470,805297878,608091500
"광주","북구",의료기관,입원,76834,1955745,2853208,410775627,326312174
"광주","북구",의료기관,외래,387835,7200702,10836262,394522251,281779325
"광주","북구",약국,소계,371923,4127243,75132023,184441406,134099595
"광주","광산구",합계,소계,372722,7747101,71675860,811224959,604633602
"광주","광산구",의료기관,소계,372581,7744223,11568949,659928371,495257823
"광주","광산구",의료기관,입원,71991,1536993,2320507,326213960,258902777
"광주","광산구",의료기관,외래,370913,6207230,9248442,333714411,236355046
"광주","광산구",약국,소계,355333,3672782,60106911,151296589,109375779
"대전","소계",합계,소계,1350151,30284338,329732120,3062941308,2311911706
"대전","소계",의료기관,소계,1349771,30274109,48864716,2409029953,1834245834
"대전","소계",의료기관,입원,187742,3177170,5001812,1013767666,829754122
"대전","소계",의료기관,외래,1345644,27096939,43862904,1395262288,1004491712
"대전","소계",약국,소계,1294610,15515076,280867404,653911355,477665873
"대전","동구",합계,소계,201744,4979148,55813113,514567488,391254615
"대전","동구",의료기관,소계,201696,4978306,8093651,403055873,309647222
"대전","동구",의료기관,입원,29102,574030,877869,177340403,144920653
"대전","동구",의료기관,외래,200927,4404276,7215782,225715470,164726568
"대전","동구",약국,소계,193800,2580206,47719462,111511616,81607393
"대전","중구",합계,소계,208142,5157779,58427078,539188969,409796662
"대전","중구",의료기관,소계,208106,5156656,8200413,423851857,325391420
"대전","중구",의료기관,입원,30995,625401,931482,190575604,155598024
"대전","중구",의료기관,외래,207295,4531255,7268931,233276253,169793397
"대전","중구",약국,소계,199996,2544036,50226665,115337112,84405242
"대전","서구",합계,소계,429820,9296806,100606078,931868270,700160532
"대전","서구",의료기관,소계,429681,9294142,14767264,732002154,554399900
"대전","서구",의료기관,입원,57328,918551,1467049,299457904,245175393
"대전","서구",의료기관,외래,428508,8375591,13300215,432544250,309224507
"대전","서구",약국,소계,412295,4757414,85838814,199866116,145760633
"대전","유성구",합계,소계,354245,7142763,72451900,690772935,518130834
"대전","유성구",의료기관,소계,354153,7138792,11695370,549376668,414733166
"대전","유성구",의료기관,입원,47655,642402,1063688,215234470,176527908
"대전","유성구",의료기관,외래,353286,6496390,10631682,334142198,238205257
"대전","유성구",약국,소계,338028,3678376,60756530,141396266,103397668
"대전","대덕구",합계,소계,156200,3707842,42433951,386543646,292569063
"대전","대덕구",의료기관,소계,156135,3706213,6108018,300743402,230074126
"대전","대덕구",의료기관,입원,22662,416786,661724,131159285,107532144
"대전","대덕구",의료기관,외래,155628,3289427,5446294,169584117,122541982
"대전","대덕구",약국,소계,150491,1955044,36325933,85800245,62494937
"울산","소계",합계,소계,1051645,22903496,238860671,2404397013,1810775734
"울산","소계",의료기관,소계,1051349,22901853,36457853,1941002802,1474760253
"울산","소계",의료기관,입원,178725,3221941,5047408,927524659,755367242
"울산","소계",의료기관,외래,1046335,19679912,31410445,1013478143,719393011
"울산","소계",약국,소계,1005789,11233252,202402818,463394211,336015481
"울산","중구",합계,소계,194230,4331561,47484897,475571589,359010968
"울산","중구",의료기관,소계,194171,4331340,6725140,382608147,291506758
"울산","중구",의료기관,입원,34487,628842,972864,184636056,150380643
"울산","중구",의료기관,외래,193286,3702498,5752276,197972091,141126116
"울산","중구",약국,소계,186079,2124109,40759757,92963442,67504209
"울산","남구",합계,소계,288943,6151448,64152796,647138636,486006433
"울산","남구",의료기관,소계,288850,6151062,9823170,523383546,396320876
"울산","남구",의료기관,입원,47255,820806,1304454,240499807,195508620
"울산","남구",의료기관,외래,287531,5330256,8518716,282883739,200812256
"울산","남구",약국,소계,275704,2980028,54329626,123755089,89685557
"울산","동구",합계,소계,147653,3401483,34628726,330568736,250125251
"울산","동구",의료기관,소계,147598,3401200,5505913,266216930,203577448
"울산","동구",의료기관,입원,22949,430849,675848,125052271,103045641
"울산","동구",의료기관,외래,146905,2970351,4830065,141164659,100531808
"울산","동구",약국,소계,141127,1656550,29122813,64351806,46547803
"울산","북구",합계,소계,207730,4298599,42117282,435812058,326517794
"울산","북구",의료기관,소계,207689,4298316,6942025,354211907,267366443
"울산","북구",의료기관,입원,37700,580421,934788,169584932,137939330
"울산","북구",의료기관,외래,206805,3717895,6007237,184626975,129427113
"울산","북구",약국,소계,199262,2196851,35175257,81600151,59151351
"울산","울주군",합계,소계,213089,4720405,50476970,515305994,389115288
"울산","울주군",의료기관,소계,213041,4719935,7461605,414582271,315988728
"울산","울주군",의료기관,입원,36334,761023,1159454,207751593,168493009
"울산","울주군",의료기관,외래,211808,3958912,6302151,206830678,147495719
"울산","울주군",약국,소계,203617,2275714,43015365,100723723,73126560
"세종","소계",합계,소계,378209,7734184,76146512,754148890,568052588
"세종","소계",의료기관,소계,377915,7713398,11737867,600411847,455735917
"세종","소계",의료기관,입원,48932,667804,1109258,228866310,188918533
"세종","소계",의료기관,외래,376900,7045594,10628609,371545537,266817383
"세종","소계",약국,소계,362583,4146878,64408645,153737044,112316671
"경기","소계",합계,소계,13256912,271512769,3062695327,29140586617,21917419192
"경기","소계",의료기관,소계,13248850,271168385,421603202,23010873556,17454128049
"경기","소계",의료기관,입원,1797936,25150535,43564089,9284899153,7661436743
"경기","소계",의료기관,외래,13214266,246017850,378039113,13725974403,9792691306
"경기","소계",약국,소계,12712388,140600601,2641092125,6129713061,4463291143
"경기","수원시장안구",합계,소계,262721,5508903,60774053,574324722,432293191
"경기","수원시장안구",의료기관,소계,262644,5507367,8619192,452152038,343057481
"경기","수원시장안구",의료기관,입원,32719,497193,838399,180318845,148334228
"경기","수원시장안구",의료기관,외래,261958,5010174,7780793,271833194,194723253
"경기","수원시장안구",약국,소계,251723,2827195,52154861,122172683,89235710
"경기","수원시권선구",합계,소계,350558,7233098,79568757,761099741,570948065
"경기","수원시권선구",의료기관,소계,350467,7230081,11422693,601914426,454976303
"경기","수원시권선구",의료기관,입원,49369,650489,1157803,242177461,198352346
"경기","수원시권선구",의료기관,외래,349564,6579592,10264890,359736965,256623957
"경기","수원시권선구",약국,소계,336262,3764351,68146064,159185315,115971762
"경기","수원시팔달구",합계,소계,190969,4038104,43997627,435275784,327023402
"경기","수원시팔달구",의료기관,소계,190847,4036914,6469654,347066901,262436383
"경기","수원시팔달구",의료기관,입원,26251,386555,657514,139683697,114490868
"경기","수원시팔달구",의료기관,외래,190274,3650359,5812140,207383204,147945515
"경기","수원시팔달구",약국,소계,182212,1994134,37527973,88208883,64587019
"경기","수원시영통구",합계,소계,351644,6726001,68755968,640959968,477052218
"경기","수원시영통구",의료기관,소계,351531,6724512,11739834,513273975,384199059
"경기","수원시영통구",의료기관,입원,40759,470756,845372,182291164,150829884
"경기","수원시영통구",의료기관,외래,350824,6253756,10894462,330982811,233369175
"경기","수원시영통구",약국,소계,336363,3438965,57016134,127685993,92853159
"경기","성남시수정구",합계,소계,224598,5030508,55817524,519249015,389932780
"경기","성남시수정구",의료기관,소계,224514,5029208,7584599,411818775,312044725
"경기","성남시수정구",의료기관,입원,29143,442748,739660,155849023,128168342
"경기","성남시수정구",의료기관,외래,223955,4586460,6844939,255969752,183876383
"경기","성남시수정구",약국,소계,214698,2473731,48232925,107430240,77888055
"경기","성남시중원구",합계,소계,195204,4540268,50954369,470571112,354799897
"경기","성남시중원구",의료기관,소계,195136,4538955,6763398,371323367,282784290
"경기","성남시중원구",의료기관,입원,25869,410690,675051,146083921,120696070
"경기","성남시중원구",의료기관,외래,194594,4128265,6088347,225239446,162088220
"경기","성남시중원구",약국,소계,187398,2243860,44190971,99247745,72015607
"경기","성남시분당구",합계,소계,451224,8980580,102002318,904305615,672665827
"경기","성남시분당구",의료기관,소계,451064,8979073,14744058,718233498,537115841
"경기","성남시분당구",의료기관,입원,48272,682148,1152753,250632642,207345544
"경기","성남시분당구",의료기관,외래,449927,8296925,13591305,467600856,329770297
"경기","성남시분당구",약국,소계,429072,4258739,87258260,186072117,135549986
"경기","의정부시",합계,소계,431934,9204347,107721285,1000894911,756287219
"경기","의정부시",의료기관,소계,431742,9201653,14606872,785401942,599376576
"경기","의정부시",의료기관,입원,60100,822076,1437103,311548856,257197394
"경기","의정부시",의료기관,외래,430734,8379577,13169769,473853085,342179182
"경기","의정부시",약국,소계,416272,4834891,93114413,215492970,156910643
"경기","안양시만안구",합계,소계,219600,4830444,56015231,542870224,411560597
"경기","안양시만안구",의료기관,소계,219479,4829471,7618002,430087274,329030789
"경기","안양시만안구",의료기관,입원,33670,472439,813386,179709126,149689082
"경기","안양시만안구",의료기관,외래,218804,4357032,6804616,250378149,179341707
"경기","안양시만안구",약국,소계,210351,2401641,48397229,112782950,82529808
"경기","안양시동안구",합계,소계,313398,6556279,70315031,659241512,493841263
"경기","안양시동안구",의료기관,소계,313311,6555360,9855444,524092058,395276013
"경기","안양시동안구",의료기관,입원,40305,499569,877062,197465709,164338694
"경기","안양시동안구",의료기관,외래,312499,6055791,8978382,326626349,230937319
"경기","안양시동안구",약국,소계,300321,3346096,60459587,135149454,98565249
"경기","부천시원미구",합계,소계,377377,8156659,91707821,881484508,660624070
"경기","부천시원미구",의료기관,소계,377283,8155424,12394016,700961498,529221797
"경기","부천시원미구",의료기관,입원,53740,811145,1373006,295227046,242475059
"경기","부천시원미구",의료기관,외래,376158,7344279,11021010,405734452,286746738
"경기","부천시원미구",약국,소계,362154,4105652,79313805,180523010,131402273
"경기","부천시소사구",합계,소계,224216,5032725,56554020,548717093,413460317
"경기","부천시소사구",의료기관,소계,224166,5032052,7652599,435359210,330822045
"경기","부천시소사구",의료기관,입원,31748,503481,849570,178636325,146779511
"경기","부천시소사구",의료기관,외래,223483,4528571,6803029,256722884,184042534
"경기","부천시소사구",약국,소계,215720,2571647,48901421,113357883,82638272
"경기","부천시오정구",합계,소계,144350,3289088,38050461,371992718,280081398
"경기","부천시오정구",의료기관,소계,144322,3288437,4783755,292097148,221917082
"경기","부천시오정구",의료기관,입원,21669,383905,655770,133469600,108947223
"경기","부천시오정구",의료기관,외래,143864,2904532,4127985,158627548,112969860
"경기","부천시오정구",약국,소계,139195,1697789,33266706,79895571,58164315
"경기","광명시",합계,소계,267861,5991538,65174541,644043676,485157560
"경기","광명시",의료기관,소계,267721,5990673,9119327,513332508,390023422
"경기","광명시",의료기관,입원,40382,551124,941979,209210642,173629832
"경기","광명시",의료기관,외래,266880,5439549,8177348,304121866,216393590
"경기","광명시",약국,소계,257749,3069557,56055214,130711168,95134138
"경기","평택시",합계,소계,586940,11264751,125459193,1221842022,916426195
"경기","평택시",의료기관,소계,586541,11249957,17682984,964004844,728756868
"경기","평택시",의료기관,입원,85101,1056917,1887256,396262691,325143055
"경기","평택시",의료기관,외래,585115,10193040,15795728,567742153,403613813
"경기","평택시",약국,소계,562152,6162476,107776209,257837178,187669327
"경기","동두천시",합계,소계,79219,1795971,21829207,206064699,156909504
"경기","동두천시",의료기관,소계,79161,1793233,2855606,158431714,122108565
"경기","동두천시",의료기관,입원,11765,221626,354810,70033336,57641546
"경기","동두천시",의료기관,외래,78840,1571607,2500796,88398378,64467019
"경기","동두천시",약국,소계,75977,927281,18973601,47632986,34800939
"경기","안산시상록구",합계,소계,313176,6230487,70157808,701084813,525307463
"경기","안산시상록구",의료기관,소계,313074,6227675,8765094,554937467,418801467
"경기","안산시상록구",의료기관,입원,46598,749467,1307136,260890168,210655510
"경기","안산시상록구",의료기관,외래,312166,5478208,7457958,294047299,208145957
"경기","안산시상록구",약국,소계,299888,3263125,61392714,146147346,106505996
"경기","안산시단원구",합계,소계,318555,6278219,67921633,694599459,520898047
"경기","안산시단원구",의료기관,소계,318459,6276475,8841169,553145667,418099256
"경기","안산시단원구",의료기관,입원,49805,739730,1268537,256590676,208473366
"경기","안산시단원구",의료기관,외래,317423,5536745,7572632,296554991,209625890
"경기","안산시단원구",약국,소계,304819,3286222,59080464,141453792,102798791
"경기","고양시덕양구",합계,소계,464806,9976738,112529078,1065083861,805372670
"경기","고양시덕양구",의료기관,소계,464632,9973872,14585769,838158848,639499828
"경기","고양시덕양구",의료기관,입원,60859,851790,1436202,323804334,271201379
"경기","고양시덕양구",의료기관,외래,463357,9122082,13149567,514354514,368298449
"경기","고양시덕양구",약국,소계,446701,5096225,97943309,226925013,165872843
"경기","고양시일산동구",합계,소계,278513,5561343,65779524,609159587,459718674
"경기","고양시일산동구",의료기관,소계,278380,5560440,8413330,481081965,366087188
"경기","고양시일산동구",의료기관,입원,34762,526189,874039,192607792,160981722
"경기","고양시일산동구",의료기관,외래,277591,5034251,7539291,288474172,205105467
"경기","고양시일산동구",약국,소계,265813,2745267,57366194,128077622,93631486
"경기","고양시일산서구",합계,소계,268433,5610565,65342875,591935328,446658984
"경기","고양시일산서구",의료기관,소계,268342,5609692,8305987,465480847,354488521
"경기","고양시일산서구",의료기관,입원,32949,505070,834330,184515333,153999196
"경기","고양시일산서구",의료기관,외래,267612,5104622,7471657,280965515,200489325
"경기","고양시일산서구",약국,소계,257402,2811267,57036888,126454481,92170463
"경기","과천시",합계,소계,82138,1672843,16637943,162315547,121422178
"경기","과천시",의료기관,소계,82109,1672708,2549552,131173952,98723132
"경기","과천시",의료기관,입원,9491,122033,210369,48282962,40212546
"경기","과천시",의료기관,외래,81899,1550675,2339183,82890990,58510586
"경기","과천시",약국,소계,78249,829206,14088391,31141595,22699046
"경기","구리시",합계,소계,176157,3863280,43573942,404698389,304202664
"경기","구리시",의료기관,소계,176063,3862383,6013232,318546615,241663496
"경기","구리시",의료기관,입원,23434,342585,587803,121535283,100604627
"경기","구리시",의료기관,외래,175637,3519798,5425429,197011331,141058869
"경기","구리시",약국,소계,169429,1957926,37560710,86151774,62539167
"경기","남양주시",합계,소계,692198,14378508,165882793,1582015492,1191683240
"경기","남양주시",의료기관,소계,691863,14375302,22466602,1243204864,944820850
"경기","남양주시",의료기관,입원,98144,1334632,2373792,488145867,401294571
"경기","남양주시",의료기관,외래,690210,13040670,20092810,755058997,543526279
"경기","남양주시",약국,소계,665802,7475025,143416191,338810628,246862391
"경기","오산시",합계,소계,239053,4478066,48551149,468892548,352891678
"경기","오산시",의료기관,소계,238897,4472855,7044252,371589156,282374792
"경기","오산시",의료기관,입원,32612,399424,730261,152576700,127261752
"경기","오산시",의료기관,외래,238378,4073431,6313991,219012455,155113040
"경기","오산시",약국,소계,228743,2412457,41506897,97303392,70516886
"경기","시흥시",합계,소계,526039,10334977,110738465,1139358973,856282961
"경기","시흥시",의료기관,소계,525826,10332319,15566545,907571668,687790099
"경기","시흥시",의료기관,입원,77647,1049491,1808123,394043845,322945533
"경기","시흥시",의료기관,외래,524455,9282828,13758422,513527824,364844566
"경기","시흥시",약국,소계,506176,5624725,95171920,231787304,168492862
"경기","군포시",합계,소계,245350,5217946,58877007,552641789,416913620
"경기","군포시",의료기관,소계,245294,5216600,8253608,437631234,333196363
"경기","군포시",의료기관,입원,34062,454631,786533,177367091,148222832
"경기","군포시",의료기관,외래,244678,4761969,7467075,260264143,184973531
"경기","군포시",약국,소계,235300,2647059,50623399,115010555,83717257
"경기","의왕시",합계,소계,149111,3180671,35681427,330461101,248635157
"경기","의왕시",의료기관,소계,149087,3180078,4835811,261566497,198366404
"경기","의왕시",의료기관,입원,20151,275698,470926,105090552,87537282
"경기","의왕시",의료기관,외래,148651,2904380,4364885,156475944,110829123
"경기","의왕시",약국,소계,143013,1627808,30845616,68894604,50268752
"경기","하남시",합계,소계,315534,6857170,70873009,681954444,509834482
"경기","하남시",의료기관,소계,315452,6855239,10666469,541581215,407876511
"경기","하남시",의료기관,입원,37438,477913,859657,179834228,148612611
"경기","하남시",의료기관,외래,314802,6377326,9806812,361746987,259263901
"경기","하남시",약국,소계,303622,3493337,60206540,140373229,101957970
"경기","용인시 처인구",합계,소계,266514,5195740,62495978,598158952,449096277
"경기","용인시 처인구",의료기관,소계,266254,5187783,7767597,468535979,355049044
"경기","용인시 처인구",의료기관,입원,38098,549366,975682,198795236,162434768
"경기","용인시 처인구",의료기관,외래,265499,4638417,6791915,269740743,192614276
"경기","용인시 처인구",약국,소계,255174,2727288,54728381,129622974,94047234
"경기","용인시 기흥구",합계,소계,416753,8139366,95760299,869421812,651406157
"경기","용인시 기흥구",의료기관,소계,416574,8137323,12697872,687995319,519579771
"경기","용인시 기흥구",의료기관,입원,51360,721639,1260733,268373789,221263524
"경기","용인시 기흥구",의료기관,외래,415543,7415684,11437139,419621530,298316248
"경기","용인시 기흥구",약국,소계,398347,4018286,83062427,181426493,131826386
"경기","용인시 수지구",합계,소계,360256,7260936,80926003,722002054,539691693
"경기","용인시 수지구",의료기관,소계,360165,7259612,11063026,567753404,426759727
"경기","용인시 수지구",의료기관,입원,37667,521776,898882,198483134,163949640
"경기","용인시 수지구",의료기관,외래,359435,6737836,10164144,369270270,262810087
"경기","용인시 수지구",약국,소계,345230,3649280,69862977,154248650,112931966
"경기","파주시",합계,소계,489812,9810990,112069935,1080993111,819516313
"경기","파주시",의료기관,소계,489588,9806064,15294675,851806582,652418539
"경기","파주시",의료기관,입원,65701,1025045,1725569,360895398,301226132
"경기","파주시",의료기관,외래,488219,8781019,13569106,490911184,351192407
"경기","파주시",약국,소계,469888,5046139,96775260,229186530,167097774
"경기","이천시",합계,소계,215967,4234313,50079381,451850019,340676470
"경기","이천시",의료기관,소계,214916,4149387,7097908,351352261,268047809
"경기","이천시",의료기관,입원,28025,442653,738978,146196951,120446754
"경기","이천시",의료기관,외래,214305,3706734,6358930,205155310,147601055
"경기","이천시",약국,소계,206952,2322556,42981473,100497759,72628661
"경기","안성시",합계,소계,194999,3973811,47631892,451370212,339029056
"경기","안성시",의료기관,소계,194322,3930006,6136207,353218954,267926474
"경기","안성시",의료기관,입원,27488,438933,758942,156697012,128189702
"경기","안성시",의료기관,외래,193737,3491073,5377265,196521942,139736771
"경기","안성시",약국,소계,186987,2178578,41495685,98151258,71102583
"경기","김포시",합계,소계,476823,9658311,105434262,1074542303,811965422
"경기","김포시",의료기관,소계,476620,9651816,13848484,855203128,652429381
"경기","김포시",의료기관,입원,69088,909871,1580328,357929988,296947907
"경기","김포시",의료기관,외래,475362,8741945,12268156,497273140,355481474
"경기","김포시",약국,소계,458380,5200623,91585778,219339174,159536040
"경기","화성시",합계,소계,973607,18128234,191391089,1875204571,1407501986
"경기","화성시",의료기관,소계,972947,18099670,29768343,1487095720,1124411704
"경기","화성시",의료기관,입원,131080,1434879,2641045,573321398,475262725
"경기","화성시",의료기관,외래,970869,16664791,27127298,913774321,649148979
"경기","화성시",약국,소계,933516,9933699,161622746,388108852,283090282
"경기","광주시",합계,소계,384678,7616229,92735108,844080218,633103821
"경기","광주시",의료기관,소계,384461,7603014,12404215,660078982,499797103
"경기","광주시",의료기관,입원,52849,682230,1199073,261613866,215091943
"경기","광주시",의료기관,외래,383548,6920784,11205142,398465116,284705159
"경기","광주시",약국,소계,368698,3954840,80330893,184001236,133306719
"경기","양주시",합계,소계,275550,5579021,63901241,604863579,457107033
"경기","양주시",의료기관,소계,275360,5566677,8542441,472512942,360489566
"경기","양주시",의료기관,입원,38997,499382,885831,190091541,156780431
"경기","양주시",의료기관,외래,274721,5067295,7656610,282421400,203709135
"경기","양주시",약국,소계,265312,3017979,55358800,132350637,96617468
"경기","포천시",합계,소계,138156,2824005,38403308,346733316,262051704
"경기","포천시",의료기관,소계,138086,2823088,4556842,267489414,204651758
"경기","포천시",의료기관,입원,20830,332764,584123,120618105,99355750
"경기","포천시",의료기관,외래,137650,2490324,3972719,146871309,105296008
"경기","포천시",약국,소계,132207,1502805,33846466,79243902,57399946
"경기","여주군",합계,소계,108291,2422475,29643297,268263942,202386454
"경기","여주군",의료기관,소계,107840,2376813,3858838,209383288,159591237
"경기","여주군",의료기관,입원,16186,296409,492705,94175284,76828344
"경기","여주군",의료기관,외래,107477,2080404,3366133,115208004,82762892
"경기","여주군",약국,소계,103575,1268383,25784459,58880654,42795217
"경기","연천군",합계,소계,38179,881167,11837088,108557974,82826869
"경기","연천군",의료기관,소계,38163,880961,1593900,84926186,65624904
"경기","연천군",의료기관,입원,6548,126541,203966,41317933,33898587
"경기","연천군",의료기관,외래,38017,754420,1389934,43608253,31726317
"경기","연천군",약국,소계,36537,430585,10243188,23631788,17201965
"경기","가평군",합계,소계,58163,1314965,17352103,159590271,121591592
"경기","가평군",의료기관,소계,58114,1313939,2090636,122235193,94242379
"경기","가평군",의료기관,입원,8788,154566,265946,55404681,45675305
"경기","가평군",의료기관,외래,57924,1159373,1824690,66830511,48567073
"경기","가평군",약국,소계,55813,669727,15261467,37355078,27349214
"경기","양평군",합계,소계,118288,2653129,35790284,317815631,240583022
"경기","양평군",의료기관,소계,118033,2624224,4662765,246065035,188173506
"경기","양평군",의료기관,입원,16417,322967,548084,107099921,88023627
"경기","양평군",의료기관,외래,117628,2301257,4114681,138965114,100149879
"경기","양평군",약국,소계,113196,1292179,31127519,71750595,52409516
"강원","소계",합계,소계,1418821,29822970,385004447,3432962324,2600982040
"강원","소계",의료기관,소계,1412504,29376977,52627577,2660644243,2039134450
"강원","소계",의료기관,입원,201165,3408141,6134620,1217561255,1004388391
"강원","소계",의료기관,외래,1408202,25968836,46492957,1443082988,1034746059
"강원","소계",약국,소계,1357433,15149505,332376870,772318081,561847589
"강원","춘천시",합계,소계,266288,5447949,66916347,598533098,456571787
"강원","춘천시",의료기관,소계,264869,5351727,8519910,462740626,356991137
"강원","춘천시",의료기관,입원,34575,524390,864350,195863783,164447135
"강원","춘천시",의료기관,외래,264121,4827337,7655560,266876844,192544002
"강원","춘천시",약국,소계,254455,2777650,58396437,135792471,99580650
"강원","원주시",합계,소계,339139,6773726,80590299,749689535,565729281
"강원","원주시",의료기관,소계,337861,6677466,10588126,588339464,448212818
"강원","원주시",의료기관,입원,45546,723106,1284079,255258406,210212674
"강원","원주시",의료기관,외래,337021,5954360,9304047,333081058,238000144
"강원","원주시",약국,소계,325269,3517158,70002173,161350071,117516463
"강원","강릉시",합계,소계,193716,3839921,52493602,449796975,339879365
"강원","강릉시",의료기관,소계,191980,3735807,6168628,346318598,264721414
"강원","강릉시",의료기관,입원,23721,374192,722813,149386457,123405866
"강원","강릉시",의료기관,외래,191490,3361615,5445815,196932141,141315548
"강원","강릉시",약국,소계,185494,1958460,46324974,103478378,75157950
"강원","동해시",합계,소계,81566,1795593,22300189,193047758,145374744
"강원","동해시",의료기관,소계,81507,1793223,3060713,146167300,111715901
"강원","동해시",의료기관,입원,11080,207566,378891,65269381,53736112
"강원","동해시",의료기관,외래,81187,1585657,2681822,80897919,57979789
"강원","동해시",약국,소계,78492,942732,19239476,46880457,33658843
"강원","태백시",합계,소계,35030,866421,11220327,97917578,74153456
"강원","태백시",의료기관,소계,34967,862077,1649773,75814221,58225010
"강원","태백시",의료기관,입원,5806,126319,270352,39429434,32251183
"강원","태백시",의료기관,외래,34821,735758,1379421,36384787,25973827
"강원","태백시",약국,소계,33510,434741,9570554,22103357,15928446
"강원","속초시",합계,소계,74755,1586739,19501277,176005465,133065691
"강원","속초시",의료기관,소계,74225,1550970,2334534,136307925,104273095
"강원","속초시",의료기관,입원,10087,168264,310196,61758023,50733573
"강원","속초시",의료기관,외래,74019,1382706,2024338,74549902,53539521
"강원","속초시",약국,소계,71912,872044,17166743,39697540,28792596
"강원","삼척시",합계,소계,57467,1298339,17034030,157928954,119472011
"강원","삼척시",의료기관,소계,57403,1291119,2653955,121141118,92936049
"강원","삼척시",의료기관,입원,10881,195002,345921,62541095,51187478
"강원","삼척시",의료기관,외래,57127,1096117,2308034,58600023,41748571
"강원","삼척시",약국,소계,54870,624561,14380075,36787836,26535962
"강원","홍천군",합계,소계,62891,1442081,20096323,173577902,131996629
"강원","홍천군",의료기관,소계,62735,1428892,2883400,134415843,103491449
"강원","홍천군",의료기관,입원,9651,183527,308547,64976778,53381338
"강원","홍천군",의료기관,외래,62549,1245365,2574853,69439065,50110111
"강원","홍천군",약국,소계,60084,698937,17212923,39162058,28505180
"강원","횡성군",합계,소계,43925,1026826,14183663,131584888,99610409
"강원","횡성군",의료기관,소계,43789,1011188,1955655,102330820,78217615
"강원","횡성군",의료기관,입원,7566,139816,254384,50158478,40751648
"강원","횡성군",의료기관,외래,43650,871372,1701271,52172342,37465967
"강원","횡성군",약국,소계,42256,486729,12228008,29254068,21392794
"강원","영월군",합계,소계,34402,779150,11482900,99359846,75010020
"강원","영월군",의료기관,소계,34310,772572,1518529,75621539,57762395
"강원","영월군",의료기관,입원,6211,114284,209488,38225793,31229244
"강원","영월군",의료기관,외래,34162,658288,1309041,37395746,26533151
"강원","영월군",약국,소계,33106,399070,9964371,23738307,17247626
"강원","평창군",합계,소계,38331,823184,12550748,106466023,80389649
"강원","평창군",의료기관,소계,38157,806604,2347826,83554051,63737194
"강원","평창군",의료기관,입원,5987,116220,210168,41725084,33978197
"강원","평창군",의료기관,외래,38027,690384,2137658,41828967,29758997
"강원","평창군",약국,소계,35896,362934,10202922,22911972,16652455
"강원","정선군",합계,소계,31336,696722,10031820,86048194,65148996
"강원","정선군",의료기관,소계,31040,668708,2832013,68920063,52733526
"강원","정선군",의료기관,입원,5116,96929,202691,34904832,28649527
"강원","정선군",의료기관,외래,30909,571779,2629322,34015231,24083999
"강원","정선군",약국,소계,28937,280193,7199807,17128131,12415471
"강원","철원군",합계,소계,37929,829819,10935176,98157922,74469431
"강원","철원군",의료기관,소계,37888,829525,1458305,76116562,58479127
"강원","철원군",의료기관,입원,6314,118426,196108,37672386,30841954
"강원","철원군",의료기관,외래,37737,711099,1262197,38444176,27637173
"강원","철원군",약국,소계,36298,419664,9476871,22041359,15990303
"강원","화천군",합계,소계,21610,451629,6190960,55631094,42796041
"강원","화천군",의료기관,소계,21580,449980,732541,42984710,33549625
"강원","화천군",의료기관,입원,3359,52651,93041,21460490,17949776
"강원","화천군",의료기관,외래,21510,397329,639500,21524220,15599849
"강원","화천군",약국,소계,20592,231788,5458419,12646384,9246416
"강원","양구군",합계,소계,19249,388284,5422393,45065496,34156089
"강원","양구군",의료기관,소계,19228,387376,700859,33871970,25987961
"강원","양구군",의료기관,입원,2935,40953,76216,15565293,12972945
"강원","양구군",의료기관,외래,19190,346423,624643,18306678,13015016
"강원","양구군",약국,소계,18450,217842,4721534,11193526,8168127
"강원","인제군",합계,소계,29581,601694,7911205,71069698,54117410
"강원","인제군",의료기관,소계,29562,600745,1080738,55024841,42397600
"강원","인제군",의료기관,입원,4507,76939,134183,27693225,22956180
"강원","인제군",의료기관,외래,29463,523806,946555,27331616,19441419
"강원","인제군",약국,소계,28176,306506,6830467,16044857,11719811
"강원","고성군",합계,소계,25753,611534,8037815,73133714,55928147
"강원","고성군",의료기관,소계,25707,608865,1187057,57229314,44406271
"강원","고성군",의료기관,입원,3919,79179,143069,28974353,23863693
"강원","고성군",의료기관,외래,25612,529686,1043988,28254960,20542578
"강원","고성군",약국,소계,24705,322843,6850758,15904400,11521876
"강원","양양군",합계,소계,25853,563359,8105373,69948185,53112884
"강원","양양군",의료기관,소계,25696,550133,955015,53745277,41296262
"강원","양양군",의료기관,입원,3904,70378,130123,26697964,21839866
"강원","양양군",의료기관,외래,25607,479755,824892,27047313,19456396
"강원","양양군",약국,소계,24931,295653,7150358,16202908,11816622
"충북","소계",합계,소계,1528190,33615802,392322401,3612536241,2734513378
"충북","소계",의료기관,소계,1526635,33513000,57358056,2829181013,2165910992
"충북","소계",의료기관,입원,228576,3777564,6162853,1242471947,1017634281
"충북","소계",의료기관,외래,1521578,29735436,51195203,1586709066,1148276711
"충북","소계",약국,소계,1468193,17574985,334964345,783355229,568602386
"충북","청주시상당구",합계,소계,186174,4107204,44976223,423521608,321137202
"충북","청주시상당구",의료기관,소계,185942,4088960,6570100,334750421,256713380
"충북","청주시상당구",의료기관,입원,27115,410903,676261,145142417,119495665
"충북","청주시상당구",의료기관,외래,185427,3678057,5893839,189608004,137217714
"충북","청주시상당구",약국,소계,179228,2156117,38406123,88771187,64423823
"충북","청주시서원구",합계,소계,171931,3759854,42213461,387845646,293928825
"충북","청주시서원구",의료기관,소계,171791,3748133,5996169,304993968,233919860
"충북","청주시서원구",의료기관,입원,23164,374376,613330,131343452,108109039
"충북","청주시서원구",의료기관,외래,171302,3373757,5382839,173650516,125810821
"충북","청주시서원구",약국,소계,165381,1953361,36217292,82851677,60008965
"충북","청주시흥덕구",합계,소계,276413,5460207,57935522,554159355,418444549
"충북","청주시흥덕구",의료기관,소계,276197,5441787,8090575,438459315,334566854
"충북","청주시흥덕구",의료기관,입원,37235,481440,834462,178553170,147406369
"충북","청주시흥덕구",의료기관,외래,275485,4960347,7256113,259906145,187160485
"충북","청주시흥덕구",약국,소계,265382,2989951,49844947,115700040,83877695
"충북","청주시청원구",합계,소계,182101,3715986,41214198,381758612,288525228
"충북","청주시청원구",의료기관,소계,182000,3709382,5826654,298407936,228096556
"충북","청주시청원구",의료기관,입원,24724,339088,573425,122433078,100733144
"충북","청주시청원구",의료기관,외래,181530,3370294,5253229,175974858,127363412
"충북","청주시청원구",약국,소계,174981,2006444,35387544,83350676,60428672
"충북","충주시",합계,소계,196496,4369344,53422825,481864055,364340254
"충북","충주시",의료기관,소계,196326,4356709,6799489,373725492,285775965
"충북","충주시",의료기관,입원,29586,526366,812906,161937110,132641669
"충북","충주시",의료기관,외래,195624,3830343,5986583,211788382,153134296
"충북","충주시",약국,소계,189199,2239479,46623336,108138563,78564289
"충북","제천시",합계,소계,120346,2676078,33888882,302788581,229983915
"충북","제천시",의료기관,소계,120154,2669522,4160839,233204779,179203843
"충북","제천시",의료기관,입원,22628,327471,567741,106817216,87483988
"충북","제천시",의료기관,외래,119723,2342051,3593098,126387563,91719855
"충북","제천시",약국,소계,115765,1396784,29728043,69583802,50780071
"충북","보은군",합계,소계,29074,810762,10382465,95562216,72754880
"충북","보은군",의료기관,소계,29061,809477,1924047,75666338,58300517
"충북","보은군",의료기관,입원,5776,138936,213636,38956881,31535754
"충북","보은군",의료기관,외래,28891,670541,1710411,36709457,26764764
"충북","보은군",약국,소계,27877,387842,8458418,19895878,14454362
"충북","옥천군",합계,소계,46079,1402871,16549723,153506017,116236894
"충북","옥천군",의료기관,소계,46061,1402375,3753476,122907828,93853013
"충북","옥천군",의료기관,입원,8224,197322,301663,57570889,46439727
"충북","옥천군",의료기관,외래,45811,1205053,3451813,65336939,47413286
"충북","옥천군",약국,소계,44001,666526,12796247,30598189,22383880
"충북","영동군",합계,소계,41121,1204721,14970177,137429900,104197781
"충북","영동군",의료기관,소계,41071,1199047,3395675,109693727,84004501
"충북","영동군",의료기관,입원,7905,204693,299840,54862695,44188598
"충북","영동군",의료기관,외래,40803,994354,3095835,54831032,39815903
"충북","영동군",약국,소계,39178,548606,11574502,27736173,20193280
"충북","증평군",합계,소계,35182,764033,9278387,86184625,65617090
"충북","증평군",의료기관,소계,35167,763212,1164267,66970423,51763997
"충북","증평군",의료기관,입원,5126,87700,142532,30069069,24670932
"충북","증평군",의료기관,외래,35075,675512,1021735,36901353,27093065
"충북","증평군",약국,소계,33967,433223,8114120,19214202,13853093
"충북","진천군",합계,소계,88516,1822525,20921043,197709352,149427563
"충북","진천군",의료기관,소계,88418,1818762,3005030,154732767,118317993
"충북","진천군",의료기관,입원,12209,206530,336618,66731928,54805493
"충북","진천군",의료기관,외래,88093,1612232,2668412,88000840,63512500
"충북","진천군",약국,소계,84841,977439,17916013,42976584,31109570
"충북","괴산군",합계,소계,34506,857265,12437889,108958472,82680955
"충북","괴산군",의료기관,소계,34490,855891,1759217,84650351,65079813
"충북","괴산군",의료기관,입원,6605,131970,214423,41905549,33899253
"충북","괴산군",의료기관,외래,34354,723921,1544794,42744802,31180560
"충북","괴산군",약국,소계,33115,420363,10678672,24308121,17601142
"충북","음성군",합계,소계,94674,2040851,25504704,224446179,168941547
"충북","음성군",의료기관,소계,94413,2027176,3553050,171958495,130917753
"충북","음성군",의료기관,입원,13421,247579,410868,76307887,62029381
"충북","음성군",의료기관,외래,94053,1779597,3142182,95650608,68888372
"충북","음성군",약국,소계,90804,1107638,21951654,52487685,38023794
"충북","단양군",합계,소계,25577,624101,8626902,76801623,58296696
"충북","단양군",의료기관,소계,25544,622567,1359468,59059172,45396947
"충북","단양군",의료기관,입원,4858,103190,165148,29840604,24195268
"충북","단양군",의료기관,외래,25407,519377,1194320,29218568,21201679
"충북","단양군",약국,소계,24474,291212,7267434,17742450,12899749
"충남","소계",합계,소계,2076498,45739313,541852006,5025757252,3798398370
"충남","소계",의료기관,소계,2075082,45639280,80084075,3923908635,2997373100
"충남","소계",의료기관,입원,323360,5854909,9322166,1823858546,1492442890
"충남","소계",의료기관,외래,2066655,39784371,70761909,2100050089,1504930211
"충남","소계",약국,소계,1991682,23682037,461767931,1101848616,801025270
"충남","천안시동남구",합계,소계,252472,5071225,58819761,559347718,423615229
"충남","천안시동남구",의료기관,소계,252226,5055850,7722538,436748561,334364314
"충남","천안시동남구",의료기관,입원,34174,581008,945148,193991385,160300688
"충남","천안시동남구",의료기관,외래,251414,4474842,6777390,242757177,174063625
"충남","천안시동남구",약국,소계,242023,2707221,51097223,122599157,89250916
"충남","천안시서북구",합계,소계,388224,7208370,77181248,731559893,548855679
"충남","천안시서북구",의료기관,소계,387925,7183241,11342980,575277829,435134951
"충남","천안시서북구",의료기관,입원,48930,658781,1119639,231313113,191159803
"충남","천안시서북구",의료기관,외래,386919,6524460,10223341,343964716,243975147
"충남","천안시서북구",약국,소계,372396,3979033,65838268,156282063,113720728
"충남","공주시",합계,소계,95367,2436466,29942264,285469553,216519775
"충남","공주시",의료기관,소계,95275,2416500,4803172,223940501,171807689
"충남","공주시",의료기관,입원,15158,413671,598944,110823207,90132708
"충남","공주시",의료기관,외래,94660,2002829,4204228,113117294,81674981
"충남","공주시",약국,소계,91223,1143879,25139092,61529052,44712086
"충남","보령시",합계,소계,89485,2388124,28558992,252351019,191075639
"충남","보령시",의료기관,소계,89462,2387634,4074984,194707226,149243742
"충남","보령시",의료기관,입원,14709,334522,528782,94558209,76932961
"충남","보령시",의료기관,외래,89031,2053112,3546202,100149017,72310781
"충남","보령시",약국,소계,86454,1208421,24484008,57643793,41831897
"충남","아산시",합계,소계,356971,6837443,77146059,735787671,554863685
"충남","아산시",의료기관,소계,356758,6833262,11110810,577856953,439873772
"충남","아산시",의료기관,입원,49682,713468,1188618,246216641,203104214
"충남","아산시",의료기관,외래,355651,6119794,9922192,331640312,236769558
"충남","아산시",약국,소계,342242,3783602,66035249,157930718,114989913
"충남","서산시",합계,소계,168605,3429936,43043064,383186491,288756452
"충남","서산시",의료기관,소계,168341,3409224,5208003,294208811,224322850
"충남","서산시",의료기관,입원,24756,382138,667504,135641566,111219479
"충남","서산시",의료기관,외래,167853,3027086,4540499,158567245,113103371
"충남","서산시",약국,소계,161411,1835111,37835061,88977681,64433603
"충남","논산시",합계,소계,102470,2839361,33225857,323875197,244020892
"충남","논산시",의료기관,소계,102420,2837033,5482269,255968396,194879303
"충남","논산시",의료기관,입원,22330,481706,705355,134346619,108619643
"충남","논산시",의료기관,외래,101690,2355327,4776914,121621777,86259660
"충남","논산시",약국,소계,98077,1373741,27743588,67906801,49141589
"충남","계룡시",합계,소계,44418,891238,9544007,86346519,64358081
"충남","계룡시",의료기관,소계,44383,890727,1636374,67544201,50727794
"충남","계룡시",의료기관,입원,5775,84931,139613,26871947,22021925
"충남","계룡시",의료기관,외래,44257,805796,1496761,40672255,28705869
"충남","계룡시",약국,소계,42100,464483,7907633,18802318,13630286
"충남","당진시",합계,소계,169208,3431646,42344488,394916912,297355617
"충남","당진시",의료기관,소계,169160,3430319,6026671,307398882,234066436
"충남","당진시",의료기관,입원,34235,446913,765858,146710720,119245525
"충남","당진시",의료기관,외래,168437,2983406,5260813,160688162,114820911
"충남","당진시",약국,소계,161925,1752420,36317817,87518030,63289181
"충남","금산군",합계,소계,48262,1454868,17378214,156095428,119047590
"충남","금산군",의료기관,소계,48257,1454496,3107697,122478674,94308942
"충남","금산군",의료기관,입원,8123,218873,314014,58099453,47051477
"충남","금산군",의료기관,외래,47962,1235623,2793683,64379221,47257465
"충남","금산군",약국,소계,46496,715716,14270517,33616754,24738649
"충남","부여군",합계,소계,56499,1731430,22328567,200903507,152810010
"충남","부여군",의료기관,소계,56480,1730733,4816728,158783870,122013771
"충남","부여군",의료기관,입원,10920,303270,443294,81748996,66160666
"충남","부여군",의료기관,외래,56061,1427463,4373434,77034873,55853105
"충남","부여군",약국,소계,54082,760359,17511839,42119638,30796239
"충남","서천군",합계,소계,45962,1519900,17872221,164594027,125669694
"충남","서천군",의료기관,소계,45952,1519724,2861535,128810619,99553196
"충남","서천군",의료기관,입원,9830,287817,403608,69051488,55622967
"충남","서천군",의료기관,외래,45539,1231907,2457927,59759131,43930230
"충남","서천군",약국,소계,44396,686950,15010686,35783408,26116497
"충남","청양군",합계,소계,28724,772024,10846843,95425107,72643303
"충남","청양군",의료기관,소계,28699,771722,2015209,74335189,57388502
"충남","청양군",의료기관,입원,5165,143794,211913,40487156,33052498
"충남","청양군",의료기관,외래,28481,627928,1803296,33848033,24336004
"충남","청양군",약국,소계,27655,366810,8831634,21089918,15254801
"충남","홍성군",합계,소계,95470,2206604,28070988,247819525,188888775
"충남","홍성군",의료기관,소계,95454,2206021,4083482,191947869,148169628
"충남","홍성군",의료기관,입원,15577,304279,476029,95782632,78980968
"충남","홍성군",의료기관,외래,95014,1901742,3607453,96165237,69188660
"충남","홍성군",약국,소계,91622,1132753,23987506,55871656,40719148
"충남","예산군",합계,소계,76886,1922950,25116215,224221135,170418216
"충남","예산군",의료기관,소계,76868,1922515,3476840,173634323,133609371
"충남","예산군",의료기관,입원,13921,282414,453754,87223404,70888540
"충남","예산군",의료기관,외래,76495,1640101,3023086,86410919,62720832
"충남","예산군",약국,소계,74008,956367,21639375,50586813,36808845
"충남","태안군",합계,소계,57475,1597728,20433218,183857549,139499732
"충남","태안군",의료기관,소계,57422,1590279,2314783,140266731,107908841
"충남","태안군",의료기관,입원,10075,217324,360093,70992011,57948829
"충남","태안군",의료기관,외래,57191,1372955,1954690,69274720,49960012
"충남","태안군",약국,소계,55572,815171,18118435,43590818,31590891
"전북","소계",합계,소계,1629237,43200641,458304135,4559705833,3457223903
"전북","소계",의료기관,소계,1628277,43146887,67577825,3587426414,2745193516
"전북","소계",의료기관,입원,311506,7795884,10785731,1844105295,1480381933
"전북","소계",의료기관,외래,1617770,35351003,56792094,1743321119,1264811584
"전북","소계",약국,소계,1563301,20244528,390726310,972279419,712030386
"전북","전주시완산구",합계,소계,298092,7006462,73880398,737697228,556610123
"전북","전주시완산구",의료기관,소계,298005,7004399,10608299,583244997,443258876
"전북","전주시완산구",의료기관,입원,51272,1215344,1654452,280541782,224618798
"전북","전주시완산구",의료기관,외래,296332,5789055,8953847,302703215,218640078
"전북","전주시완산구",약국,소계,285058,3203074,63272099,154452230,113351247
"전북","전주시덕진구",합계,소계,296009,6894946,68456997,684565852,515181143
"전북","전주시덕진구",의료기관,소계,295901,6893053,10578401,543836062,412179480
"전북","전주시덕진구",의료기관,입원,49908,1042235,1435168,254766626,204007300
"전북","전주시덕진구",의료기관,외래,294520,5850818,9143233,289069436,208172181
"전북","전주시덕진구",약국,소계,283846,3346338,57878596,140729790,103001663
"전북","군산시",합계,소계,243341,6115333,66793658,643775939,489164855
"전북","군산시",의료기관,소계,243249,6113665,9611417,500511950,384242754
"전북","군산시",의료기관,입원,45943,1003020,1421312,249158837,202430567
"전북","군산시",의료기관,외래,241965,5110645,8190105,251353114,181812187
"전북","군산시",약국,소계,233937,3012840,57182241,143263989,104922101
"전북","익산시",합계,소계,248561,6393145,69624803,668941880,507088213
"전북","익산시",의료기관,소계,248261,6374980,10345142,522792944,400004854
"전북","익산시",의료기관,입원,44088,1011273,1416039,258974459,208823441
"전북","익산시",의료기관,외래,246929,5363707,8929103,263818485,191181413
"전북","익산시",약국,소계,238953,3086242,59279661,146148936,107083359
"전북","정읍시",합계,소계,95388,2870624,30355232,307512340,234371694
"전북","정읍시",의료기관,소계,95328,2865725,3990468,241368792,185840145
"전북","정읍시",의료기관,입원,23163,626272,868960,137077404,109292197
"전북","정읍시",의료기관,외래,94449,2239453,3121508,104291388,76547948
"전북","정읍시",약국,소계,91577,1335977,26364764,66143547,48531549
"전북","남원시",합계,소계,70433,2163751,22373832,222905923,170241486
"전북","남원시",의료기관,소계,70370,2151307,3143422,173233027,134102295
"전북","남원시",의료기관,입원,12850,376174,507986,90228549,73175734
"전북","남원시",의료기관,외래,69818,1775133,2635436,83004478,60926561
"전북","남원시",약국,소계,67843,1099412,19230410,49672897,36139191
"전북","김제시",합계,소계,75842,2449033,25414946,260808111,199611875
"전북","김제시",의료기관,소계,75793,2446492,4059950,205727564,158978836
"전북","김제시",의료기관,입원,18338,542014,731243,116427199,93317464
"전북","김제시",의료기관,외래,75046,1904478,3328707,89300365,65661372
"전북","김제시",약국,소계,72841,1060378,21354996,55080547,40633039
"전북","완주군",합계,소계,94031,2445498,25864538,265895421,201516237
"전북","완주군",의료기관,소계,93988,2441510,3760867,209771760,160369021
"전북","완주군",의료기관,입원,18302,474168,640145,111052627,88905206
"전북","완주군",의료기관,외래,93321,1967342,3120722,98719133,71463815
"전북","완주군",약국,소계,90164,1135130,22103671,56123661,41147217
"전북","진안군",합계,소계,22709,730329,8423752,82164108,62709723
"전북","진안군",의료기관,소계,22686,729255,1483284,64815149,50098739
"전북","진안군",의료기관,입원,4909,146586,202345,35907626,28910526
"전북","진안군",의료기관,외래,22503,582669,1280939,28907523,21188213
"전북","진안군",약국,소계,21789,318873,6940468,17348959,12610983
"전북","무주군",합계,소계,21751,613973,7846233,69775464,52928842
"전북","무주군",의료기관,소계,21715,613717,1259917,54160735,41573093
"전북","무주군",의료기관,입원,4031,96398,148118,28709876,23114610
"전북","무주군",의료기관,외래,21588,517319,1111799,25450859,18458482
"전북","무주군",약국,소계,20899,296468,6586316,15614729,11355749
"전북","장수군",합계,소계,19536,599164,7126781,70198819,53214722
"전북","장수군",의료기관,소계,19522,598651,968373,54388504,41764087
"전북","장수군",의료기관,입원,4169,118658,166392,30983056,24712527
"전북","장수군",의료기관,외래,19371,479993,801981,23405448,17051560
"전북","장수군",약국,소계,18739,273429,6158408,15810316,11450635
"전북","임실군",합계,소계,24206,838331,9035133,90986467,69193849
"전북","임실군",의료기관,소계,24201,837982,1451095,71737079,55105081
"전북","임실군",의료기관,입원,5513,180087,236032,40663078,32321335
"전북","임실군",의료기관,외래,23935,657895,1215063,31074001,22783746
"전북","임실군",약국,소계,23255,353411,7584038,19249388,14088768
"전북","순창군",합계,소계,25374,877281,8927292,93670400,71015432
"전북","순창군",의료기관,소계,25315,873946,1503350,74709322,57294140
"전북","순창군",의료기관,입원,5718,200634,272327,41739673,33065619
"전북","순창군",의료기관,외래,25018,673312,1231023,32969649,24228521
"전북","순창군",약국,소계,24262,371386,7423942,18961077,13721292
"전북","고창군",합계,소계,48500,1624892,17080264,187420021,142480473
"전북","고창군",의료기관,소계,48489,1624608,2529434,151445444,116075957
"전북","고창군",의료기관,입원,11566,409692,576627,90184230,71546957
"전북","고창군",의료기관,외래,47930,1214916,1952807,61261215,44529000
"전북","고창군",약국,소계,46364,668693,14550830,35974576,26404516
"전북","부안군",합계,소계,45464,1577879,17100276,173387860,131895235
"전북","부안군",의료기관,소계,45454,1577597,2284406,135683083,104306157
"전북","부안군",의료기관,입원,11736,353329,508585,77690272,62139651
"전북","부안군",의료기관,외래,45045,1224268,1775821,57992811,42166506
"전북","부안군",약국,소계,43774,682877,14815870,37704777,27589078
"전남","소계",합계,소계,1695737,45726184,477100860,5069015870,3830509961
"전남","소계",의료기관,소계,1695019,45722575,73007880,4052222523,3089875143
"전남","소계",의료기관,입원,377455,10077925,15413127,2198776255,1749815777
"전남","소계",의료기관,외래,1683313,35644650,57594753,1853446268,1340059366
"전남","소계",약국,소계,1623458,20086698,404092980,1016793347,740634817
"전남","목포시",합계,소계,193602,5087023,50411463,556335591,420388493
"전남","목포시",의료기관,소계,193540,5086714,7822158,448390565,341578231
"전남","목포시",의료기관,입원,46055,1178111,1830455,245655722,195104489
"전남","목포시",의료기관,외래,192299,3908603,5991703,202734843,146473743
"전남","목포시",약국,소계,185578,2248949,42589305,107945026,78810262
"전남","여수시",합계,소계,253887,6970872,68866804,738118772,555423159
"전남","여수시",의료기관,소계,253847,6970592,10211640,590851131,448702182
"전남","여수시",의료기관,입원,56351,1436174,2248031,313506552,248863133
"전남","여수시",의료기관,외래,252343,5534418,7963609,277344580,199839049
"전남","여수시",약국,소계,244227,3173224,58655164,147267641,106720976
"전남","순천시",합계,소계,261110,5778055,59571056,641788091,484140477
"전남","순천시",의료기관,소계,261035,5777719,9302780,519671488,395111143
"전남","순천시",의료기관,입원,51926,1178375,1811167,268722878,215027984
"전남","순천시",의료기관,외래,259702,4599344,7491613,250948610,180083159
"전남","순천시",약국,소계,249263,2672714,50268276,122116603,89029333
"전남","나주시",합계,소계,110998,2909319,28907258,319312283,240319376
"전남","나주시",의료기관,소계,110967,2909165,4462310,256425619,194593225
"전남","나주시",의료기관,입원,22651,657742,926973,135316256,107391437
"전남","나주시",의료기관,외래,110104,2251423,3535337,121109364,87201788
"전남","나주시",약국,소계,105880,1313178,24444948,62886663,45726151
"전남","광양시",합계,소계,147001,3018477,31730403,324679319,244395592
"전남","광양시",의료기관,소계,146959,3018175,5039368,259929714,197572355
"전남","광양시",의료기관,입원,26766,495975,817698,128449300,103408636
"전남","광양시",의료기관,외래,146382,2522200,4221670,131480414,94163720
"전남","광양시",약국,소계,140474,1490495,26691035,64749605,46823237
"전남","담양군",합계,소계,42292,1249877,13484654,141706515,107371415
"전남","담양군",의료기관,소계,42278,1249656,1943167,111973993,85695003
"전남","담양군",의료기관,입원,9487,291196,423963,61397236,48679593
"전남","담양군",의료기관,외래,41944,958460,1519204,50576757,37015410
"전남","담양군",약국,소계,40408,535841,11541487,29732522,21676411
"전남","곡성군",합계,소계,25011,770467,8734699,89049139,67271279
"전남","곡성군",의료기관,소계,25003,770296,1209915,70202861,53584108
"전남","곡성군",의료기관,입원,5493,177192,257333,39221579,31099086
"전남","곡성군",의료기관,외래,24759,593104,952582,30981282,22485022
"전남","곡성군",약국,소계,23946,340884,7524784,18846278,13687172
"전남","구례군",합계,소계,22443,664646,7757920,73983045,55956404
"전남","구례군",의료기관,소계,22443,664485,1069104,57762433,44204311
"전남","구례군",의료기관,입원,5091,141625,212423,31190836,24833225
"전남","구례군",의료기관,외래,22268,522860,856681,26571597,19371086
"전남","구례군",약국,소계,21443,295242,6688816,16220612,11752093
"전남","고흥군",합계,소계,56553,1811282,20831500,210806278,161356597
"전남","고흥군",의료기관,소계,56541,1811133,2989839,165108075,128012671
"전남","고흥군",의료기관,입원,13515,415981,633379,93854918,75362336
"전남","고흥군",의료기관,외래,56037,1395152,2356460,71253157,52650335
"전남","고흥군",약국,소계,54126,767910,17841661,45698203,33343926
"전남","보성군",합계,소계,34590,1035442,12353650,129301812,98424240
"전남","보성군",의료기관,소계,34441,1035404,1562980,101984479,78536806
"전남","보성군",의료기관,입원,8480,305501,429916,62597723,49699139
"전남","보성군",의료기관,외래,33996,729903,1133064,39386756,28837667
"전남","보성군",약국,소계,33077,466833,10790670,27317332,19887434
"전남","화순군",합계,소계,57305,1618330,17245230,193610276,145969902
"전남","화순군",의료기관,소계,57299,1618290,2752016,157485710,119555329
"전남","화순군",의료기관,입원,13700,445515,695847,86577736,68291097
"전남","화순군",의료기관,외래,56817,1172775,2056169,70907974,51264232
"전남","화순군",약국,소계,54849,642738,14493214,36124566,26414573
"전남","장흥군",합계,소계,32167,1070890,11712904,115930685,87887927
"전남","장흥군",의료기관,소계,32154,1070794,1891552,91786584,70250739
"전남","장흥군",의료기관,입원,8396,251333,360369,51451808,40672736
"전남","장흥군",의료기관,외래,31863,819461,1531183,40334776,29578003
"전남","장흥군",약국,소계,30825,414408,9821352,24144101,17637187
"전남","강진군",합계,소계,30162,935683,10806608,111556070,85591785
"전남","강진군",의료기관,소계,30156,935621,1524830,86997166,67393904
"전남","강진군",의료기관,입원,7799,223538,329026,48500349,38844289
"전남","강진군",의료기관,외래,29859,712083,1195804,38496817,28549615
"전남","강진군",약국,소계,28982,405331,9281778,24558905,18197880
"전남","해남군",합계,소계,59837,1866936,20049274,212867521,160924776
"전남","해남군",의료기관,소계,59816,1866796,2968917,169855128,129558068
"전남","해남군",의료기관,입원,15176,429725,720687,97949247,77756211
"전남","해남군",의료기관,외래,59369,1437071,2248230,71905881,51801857
"전남","해남군",약국,소계,57541,781016,17080357,43012393,31366709
"전남","영암군",합계,소계,54394,1477771,15333715,160262676,120674418
"전남","영암군",의료기관,소계,54379,1477691,2378317,128058171,97345203
"전남","영암군",의료기관,입원,11731,327536,488429,70429494,55770284
"전남","영암군",의료기관,외래,53975,1150155,1889888,57628678,41574919
"전남","영암군",약국,소계,51815,629755,12955398,32204504,23329215
"전남","무안군",합계,소계,88906,2331272,22423772,241042623,181660330
"전남","무안군",의료기관,소계,88879,2331176,3693250,193325191,146914765
"전남","무안군",의료기관,입원,19526,459302,691293,100965932,80608264
"전남","무안군",의료기관,외래,88298,1871874,3001957,92359259,66306502
"전남","무안군",약국,소계,85253,1020609,18730522,47717431,34745565
"전남","함평군",합계,소계,28644,914003,10343078,108632650,82373007
"전남","함평군",의료기관,소계,28636,913971,1627556,85935336,65846850
"전남","함평군",의료기관,입원,6768,232109,337858,49822678,39491497
"전남","함평군",의료기관,외래,28329,681862,1289698,36112658,26355353
"전남","함평군",약국,소계,27390,358160,8715522,22697314,16526157
"전남","영광군",합계,소계,49163,1658870,15786280,171195742,129337768
"전남","영광군",의료기관,소계,49139,1658758,2635215,136434707,103851236
"전남","영광군",의료기관,입원,12050,331944,516490,73159167,58045746
"전남","영광군",의료기관,외래,48810,1326814,2118725,63275540,45805490
"전남","영광군",약국,소계,47203,665108,13151065,34761035,25486531
"전남","장성군",합계,소계,40329,1167477,12408845,138020017,104445151
"전남","장성군",의료기관,소계,40178,1166849,1747011,110511114,84446106
"전남","장성군",의료기관,입원,9669,311133,444601,63683804,50574952
"전남","장성군",의료기관,외래,39753,855716,1302410,46827310,33871154
"전남","장성군",약국,소계,38546,511652,10661834,27508903,19999044
"전남","완도군",합계,소계,43985,1348132,15102413,152744846,116092265
"전남","완도군",의료기관,소계,43979,1348095,2602673,121009227,92804467
"전남","완도군",의료기관,입원,10485,290698,477758,67296619,53732998
"전남","완도군",의료기관,외래,43650,1057397,2124915,53712608,39071469
"전남","완도군",약국,소계,42219,550345,12499740,31735619,23287798
"전남","진도군",합계,소계,27123,843112,9786500,97052718,74028282
"전남","진도군",의료기관,소계,27119,843013,1473407,76147700,58702182
"전남","진도군",의료기관,입원,6701,185350,292399,43631130,34954544
"전남","진도군",의료기관,외래,26893,657663,1181008,32516570,23747638
"전남","진도군",약국,소계,25881,350612,8313093,20905018,15326100
"전남","신안군",합계,소계,36235,1198248,13452834,141019202,106477319
"전남","신안군",의료기관,소계,36231,1198182,2099875,112376130,85616257
"전남","신안군",의료기관,입원,9639,311870,467032,65395292,51604101
"전남","신안군",의료기관,외래,35863,886312,1632843,46980838,34012156
"전남","신안군",약국,소계,34532,451694,11352959,28643072,20861063
"경북","소계",합계,소계,2385777,55214283,654099746,6202784293,4689938651
"경북","소계",의료기관,소계,2384366,55145529,89190528,4868517490,3719445579
"경북","소계",의료기관,입원,391554,9061792,13727289,2415503771,1960043565
"경북","소계",의료기관,외래,2370697,46083737,75463239,2453013720,1759402014
"경북","소계",약국,소계,2282716,27251203,564909218,1334266803,970493073
"경북","포항시남구",합계,소계,205376,4604688,52878453,514351061,387080570
"경북","포항시남구",의료기관,소계,205342,4604072,7295141,407045475,308944285
"경북","포항시남구",의료기관,입원,34779,724672,1144581,198561136,160685872
"경북","포항시남구",의료기관,외래,204122,3879400,6150560,208484339,148258412
"경북","포항시남구",약국,소계,195825,2297499,45583312,107305586,78136286
"경북","포항시북구",합계,소계,253108,5661348,63553180,636429038,479349821
"경북","포항시북구",의료기관,소계,253063,5660918,8749344,510968596,387718172
"경북","포항시북구",의료기관,입원,42867,953495,1448012,248296880,200696911
"경북","포항시북구",의료기관,외래,251480,4707423,7301332,262671715,187021262
"경북","포항시북구",약국,소계,241682,2740985,54803836,125460442,91631649
"경북","경주시",합계,소계,236690,5706545,65491751,639630242,484815815
"경북","경주시",의료기관,소계,236568,5706122,8508711,502325657,385141186
"경북","경주시",의료기관,입원,41499,1032494,1473680,260745840,211138156
"경북","경주시",의료기관,외래,234931,4673628,7035031,241579817,174003029
"경북","경주시",약국,소계,226822,2769530,56983040,137304585,99674630
"경북","김천시",합계,소계,127092,2817737,36390672,342277569,258703861
"경북","김천시",의료기관,소계,126897,2804519,4569457,264391155,202189786
"경북","김천시",의료기관,입원,21951,454253,709966,132779776,108808642
"경북","김천시",의료기관,외래,126269,2350266,3859491,131611380,93381144
"경북","김천시",약국,소계,121598,1406980,31821215,77886414,56514075
"경북","안동시",합계,소계,141556,3247260,38711997,376666162,286377972
"경북","안동시",의료기관,소계,141511,3246699,5436310,298630230,229879468
"경북","안동시",의료기관,입원,25366,634516,985368,162052233,131846000
"경북","안동시",의료기관,외래,140493,2612183,4450942,136577997,98033468
"경북","안동시",약국,소계,134520,1496513,33275687,78035932,56498504
"경북","구미시",합계,소계,380680,7206396,81304681,741314086,557163116
"경북","구미시",의료기관,소계,380559,7205141,10855921,583413177,442696627
"경북","구미시",의료기관,입원,53321,758456,1233349,246806752,202299440
"경북","구미시",의료기관,외래,379388,6446685,9622572,336606425,240397187
"경북","구미시",약국,소계,364958,3875943,70448760,157900908,114466489
"경북","영주시",합계,소계,91585,2249076,26569756,254385297,192497735
"경북","영주시",의료기관,소계,91484,2241487,3732567,198511961,151748544
"경북","영주시",의료기관,입원,14881,401372,621798,103834977,84003051
"경북","영주시",의료기관,외래,91001,1840115,3110769,94676984,67745493
"경북","영주시",약국,소계,87656,1078754,22837189,55873336,40749191
"경북","영천시",합계,소계,92721,2529431,29733961,273356502,207176868
"경북","영천시",의료기관,소계,92659,2524916,4324788,212164854,162624204
"경북","영천시",의료기관,입원,14756,420930,591858,102811787,83290758
"경북","영천시",의료기관,외래,91989,2103986,3732930,109353067,79333446
"경북","영천시",약국,소계,89042,1248098,25409173,61191648,44552664
"경북","상주시",합계,소계,86625,2219297,28796772,272909883,207047644
"경북","상주시",의료기관,소계,86537,2209440,3498325,212825814,163539588
"경북","상주시",의료기관,입원,15087,408938,604096,114416570,92835455
"경북","상주시",의료기관,외래,86011,1800502,2894229,98409244,70704134
"경북","상주시",약국,소계,83025,1081525,25298447,60084068,43508056
"경북","문경시",합계,소계,63228,1647065,19932722,183920522,139184880
"경북","문경시",의료기관,소계,63187,1642853,2614721,142116892,108730083
"경북","문경시",의료기관,입원,11743,277168,458434,72544371,58339484
"경북","문경시",의료기관,외래,62762,1365685,2156287,69572521,50390599
"경북","문경시",약국,소계,60655,843662,17318001,41803630,30454797
"경북","경산시",합계,소계,254053,5755186,63900648,598308759,451371062
"경북","경산시",의료기관,소계,253885,5744379,9235196,468644326,356865636
"경북","경산시",의료기관,입원,33485,691304,1045058,198154313,161797661
"경북","경산시",의료기관,외래,253010,5053075,8190138,270490014,195067976
"경북","경산시",약국,소계,243655,3000930,54665452,129664432,94505426
"경북","의성군",합계,소계,46004,1354658,17209177,166976885,126997069
"경북","의성군",의료기관,소계,45956,1354496,2244003,130276838,100409749
"경북","의성군",의료기관,입원,10037,338131,474912,76202419,61281357
"경북","의성군",의료기관,외래,45453,1016365,1769091,54074419,39128392
"경북","의성군",약국,소계,44054,597386,14965174,36700046,26587320
"경북","청송군",합계,소계,22119,548870,8044536,74128321,56357633
"경북","청송군",의료기관,소계,22113,548740,1056514,57551295,44301874
"경북","청송군",의료기관,입원,4529,120154,187872,32493212,26326049
"경북","청송군",의료기관,외래,21955,428586,868642,25058084,17975825
"경북","청송군",약국,소계,21069,239629,6988022,16577026,12055759
"경북","영양군",합계,소계,14174,327578,4904558,45462193,34362987
"경북","영양군",의료기관,소계,14151,326598,725502,35158980,26929242
"경북","영양군",의료기관,입원,2966,77464,123501,21265465,17082900
"경북","영양군",의료기관,외래,14042,249134,602001,13893515,9846342
"경북","영양군",약국,소계,13487,138428,4179056,10303214,7433745
"경북","영덕군",합계,소계,31008,950051,11997020,114376126,87296825
"경북","영덕군",의료기관,소계,30991,949931,1810061,89143461,68737462
"경북","영덕군",의료기관,입원,6451,221345,315803,50968465,40835989
"경북","영덕군",의료기관,외래,30647,728586,1494258,38174996,27901473
"경북","영덕군",약국,소계,29793,422988,10186959,25232665,18559362
"경북","청도군",합계,소계,38599,1179818,14485030,140057744,106714920
"경북","청도군",의료기관,소계,38588,1179677,1879495,108863826,83822885
"경북","청도군",의료기관,입원,7254,242013,341822,58745107,47332010
"경북","청도군",의료기관,외래,38253,937664,1537673,50118719,36490875
"경북","청도군",약국,소계,37190,526209,12605535,31193919,22892035
"경북","고령군",합계,소계,29155,765302,10139538,91127311,69039240
"경북","고령군",의료기관,소계,29151,765071,1467010,70822985,54180485
"경북","고령군",의료기관,입원,5051,143226,210334,36245440,29330152
"경북","고령군",의료기관,외래,28937,621845,1256676,34577546,24850333
"경북","고령군",약국,소계,27910,361877,8672528,20304326,14858755
"경북","성주군",합계,소계,40003,1094266,13732405,127657021,96527823
"경북","성주군",의료기관,소계,39994,1094085,1733059,100019770,76386388
"경북","성주군",의료기관,입원,7074,215467,305134,51874800,41858018
"경북","성주군",의료기관,외래,39641,878618,1427925,48144970,34528370
"경북","성주군",약국,소계,38332,514886,11999346,27637251,20141435
"경북","칠곡군",합계,소계,101670,2194348,26263048,233363553,175692622
"경북","칠곡군",의료기관,소계,101645,2194013,3349092,180354333,137227247
"경북","칠곡군",의료기관,입원,14779,297495,446737,82588017,67263062
"경북","칠곡군",의료기관,외래,101209,1896518,2902355,97766316,69964186
"경북","칠곡군",약국,소계,97769,1178250,22913956,53009219,38465375
"경북","예천군",합계,소계,51589,1270847,15209057,145824441,110705001
"경북","예천군",의료기관,소계,51568,1270098,2073647,114513460,88019802
"경북","예천군",의료기관,입원,9428,252722,392095,62994217,51089634
"경북","예천군",의료기관,외래,51159,1017376,1681552,51519243,36930168
"경북","예천군",약국,소계,49137,587171,13135410,31310981,22685199
"경북","봉화군",합계,소계,26950,679728,9350324,84963502,64506352
"경북","봉화군",의료기관,소계,26861,677256,1416828,66226747,50884427
"경북","봉화군",의료기관,입원,5255,155486,239206,38128630,30746651
"경북","봉화군",의료기관,외래,26648,521770,1177622,28098116,20137776
"경북","봉화군",약국,소계,25791,320428,7933496,18736755,13621925
"경북","울진군",합계,소계,43079,1021476,12923613,122619506,93967567
"경북","울진군",의료기관,소계,43056,1020906,1539165,95460527,74090663
"경북","울진군",의료기관,입원,7544,207566,314954,53544690,43569928
"경북","울진군",의료기관,외래,42747,813340,1224211,41915837,30520734
"경북","울진군",약국,소계,41147,467222,11384448,27158978,19876905
"경북","울릉군",합계,소계,8713,183312,2576847,22678572,17001267
"경북","울릉군",의료기관,소계,8600,174112,1075671,19087131,14377775
"경북","울릉군",의료기관,입원,1451,33125,58719,9448675,7586383
"경북","울릉군",의료기관,외래,8550,140987,1016952,9638456,6791392
"경북","울릉군",약국,소계,7599,56310,1501176,3591441,2623492
"경남","소계",합계,소계,3064499,71298291,752790026,7750941710,5846217383
"경남","소계",의료기관,소계,3062970,71235725,115207357,6214602260,4729047575
"경남","소계",의료기관,입원,554376,12611191,19253088,3126215324,2525334021
"경남","소계",의료기관,외래,3045257,58624534,95954269,3088386936,2203713554
"경남","소계",약국,소계,2930354,33513487,637582669,1536339450,1117169809
"경남","창원시 의창구",합계,소계,198040,4380525,45377502,471385075,355543200
"경남","창원시 의창구",의료기관,소계,197987,4379546,6730971,380569602,289373603
"경남","창원시 의창구",의료기관,입원,33430,723830,1088113,185683775,151592176
"경남","창원시 의창구",의료기관,외래,196929,3655716,5642858,194885826,137781427
"경남","창원시 의창구",약국,소계,189409,2072827,38646531,90815473,66169597
"경남","창원시 성산구",합계,소계,235268,4787038,48051797,497621680,371480432
"경남","창원시 성산구",의료기관,소계,235172,4786135,7568816,403145074,302882470
"경남","창원시 성산구",의료기관,입원,37508,677509,1070853,184427131,149977283
"경남","창원시 성산구",의료기관,외래,234167,4108626,6497963,218717944,152905188
"경남","창원시 성산구",약국,소계,224431,2320129,40482981,94476606,68597961
"경남","창원시 마산합포구",합계,소계,165556,4080028,42510555,460259075,349183842
"경남","창원시 마산합포구",의료기관,소계,165519,4079386,6634780,374280768,286626065
"경남","창원시 마산합포구",의료기관,입원,30358,821281,1191726,194327051,157680693
"경남","창원시 마산합포구",의료기관,외래,164291,3258105,5443054,179953717,128945372
"경남","창원시 마산합포구",약국,소계,157927,1845015,35875775,85978307,62557777
"경남","창원시 마산회원구",합계,소계,166587,3980796,42608093,442983748,336389837
"경남","창원시 마산회원구",의료기관,소계,166533,3979852,6175555,356356739,273188587
"경남","창원시 마산회원구",의료기관,입원,28790,706206,1048984,174432820,142499956
"경남","창원시 마산회원구",의료기관,외래,165586,3273646,5126571,181923919,130688631
"경남","창원시 마산회원구",약국,소계,159709,1885044,36432538,86627009,63201250
"경남","창원시 진해구",합계,소계,178814,3918027,39812800,418169935,315151671
"경남","창원시 진해구",의료기관,소계,178779,3917378,6327866,336390092,255821598
"경남","창원시 진해구",의료기관,입원,30765,655248,1016570,167356106,135897581
"경남","창원시 진해구",의료기관,외래,177828,3262130,5311296,169033985,119924017
"경남","창원시 진해구",약국,소계,171197,1903237,33484934,81779843,59330074
"경남","진주시",합계,소계,316795,6704534,72897472,727823004,549251350
"경남","진주시",의료기관,소계,316719,6704048,9460137,580595255,442319690
"경남","진주시",의료기관,입원,53364,960581,1600404,271743606,221141665
"경남","진주시",의료기관,외래,315339,5743467,7859733,308851649,221178025
"경남","진주시",약국,소계,301793,3265630,63437335,147227749,106931660
"경남","통영시",합계,소계,110397,2797399,29207878,295424307,224365109
"경남","통영시",의료기관,소계,110378,2797051,3738222,231106769,177246325
"경남","통영시",의료기관,입원,19713,450458,722886,115329839,93102166
"경남","통영시",의료기관,외래,109862,2346593,3015336,115776930,84144160
"경남","통영시",약국,소계,106469,1354885,25469656,64317539,47118784
"경남","사천시",합계,소계,102469,2459936,26284209,276666032,209529177
"경남","사천시",의료기관,소계,102428,2459698,3462672,220095144,168414036
"경남","사천시",의료기관,입원,20431,440530,694379,112803074,90811833
"경남","사천시",의료기관,외래,101837,2019168,2768293,107292070,77602203
"경남","사천시",약국,소계,97912,1153810,22821537,56570888,41115142
"경남","김해시",합계,소계,512365,11187900,109492213,1178747832,882177831
"경남","김해시",의료기관,소계,511813,11153259,17513120,952335549,717980680
"경남","김해시",의료기관,입원,95298,1963789,3023360,476270482,383281488
"경남","김해시",의료기관,외래,509006,9189470,14489760,476065067,334699192
"경남","김해시",약국,소계,489760,5299128,91979093,226412284,164197150
"경남","밀양시",합계,소계,95096,2494357,29170210,296360741,224619983
"경남","밀양시",의료기관,소계,95074,2494010,4562090,237130906,181470194
"경남","밀양시",의료기관,입원,22288,572143,842297,134917832,108160553
"경남","밀양시",의료기관,외래,94324,1921867,3719793,102213074,73309641
"경남","밀양시",약국,소계,90684,1104177,24608120,59229835,43149790
"경남","거제시",합계,소계,225697,4716345,47968710,499131402,373763406
"경남","거제시",의료기관,소계,225660,4715835,7956377,402152926,303617251
"경남","거제시",의료기관,입원,40001,756815,1261697,204975651,164715802
"경남","거제시",의료기관,외래,224835,3959020,6694680,197177275,138901449
"경남","거제시",약국,소계,215514,2293456,40012333,96978476,70146155
"경남","양산시",합계,소계,340497,7719977,79913066,800955911,603699060
"경남","양산시",의료기관,소계,340301,7718761,12516972,638493686,485161190
"경남","양산시",의료기관,입원,54377,1155814,1743707,292518944,236298138
"경남","양산시",의료기관,외래,338711,6562947,10773265,345974743,248863052
"경남","양산시",약국,소계,326985,3765402,67396094,162462225,118537870
"경남","의령군",합계,소계,23712,792220,8680388,87316769,66243086
"경남","의령군",의료기관,소계,23677,791563,1555665,70397764,53987815
"경남","의령군",의료기관,입원,5142,204840,278547,41943909,33535249
"경남","의령군",의료기관,외래,23333,586723,1277118,28453855,20452565
"경남","의령군",약국,소계,22570,320649,7124723,16919005,12255271
"경남","함안군",합계,소계,57953,1479984,16816114,170936744,130266922
"경남","함안군",의료기관,소계,57920,1474677,2530535,136861688,105529011
"경남","함안군",의료기관,입원,11253,348911,490992,77470703,62860888
"경남","함안군",의료기관,외래,57386,1125766,2039543,59390985,42668123
"경남","함안군",약국,소계,55427,667742,14285579,34075056,24737911
"경남","창녕군",합계,소계,54524,1617189,18767740,183231960,138922266
"경남","창녕군",의료기관,소계,54393,1605133,3230653,145763528,111609453
"경남","창녕군",의료기관,입원,11327,403600,555421,80917517,64847339
"경남","창녕군",의료기관,외래,53777,1201533,2675232,64846011,46762114
"경남","창녕군",약국,소계,52117,691591,15537087,37468432,27312813
"경남","고성군",합계,소계,45615,1300218,14613754,153923356,116352237
"경남","고성군",의료기관,소계,45600,1300027,2387351,123502764,94279971
"경남","고성군",의료기관,입원,10255,300811,441795,67542820,54277565
"경남","고성군",의료기관,외래,45147,999216,1945556,55959944,40002406
"경남","고성군",약국,소계,43575,561400,12226403,30420592,22072267
"경남","남해군",합계,소계,37737,1237231,13352451,137658377,104849603
"경남","남해군",의료기관,소계,37726,1237127,2264687,110202210,84860900
"경남","남해군",의료기관,입원,8829,282888,410164,63198105,50385727
"경남","남해군",의료기관,외래,37272,954239,1854523,47004105,34475173
"경남","남해군",약국,소계,36105,502872,11087764,27456167,19988702
"경남","하동군",합계,소계,37927,1092409,13200305,129362350,98214937
"경남","하동군",의료기관,소계,37917,1092257,2070523,103053751,79130258
"경남","하동군",의료기관,입원,8575,237355,366158,58586643,46812436
"경남","하동군",의료기관,외래,37537,854902,1704365,44467108,32317822
"경남","하동군",약국,소계,36159,462084,11129782,26308599,19084678
"경남","산청군",합계,소계,31523,924746,10838916,107354762,81485640
"경남","산청군",의료기관,소계,31485,923997,1608811,84617596,64867985
"경남","산청군",의료기관,입원,6689,190699,291623,46348356,37018021
"경남","산청군",의료기관,외래,31211,733298,1317188,38269240,27849964
"경남","산청군",약국,소계,30019,379273,9230105,22737166,16617655
"경남","함양군",합계,소계,33905,1022339,11860898,113465773,85936096
"경남","함양군",의료기관,소계,33897,1021786,1881162,89226438,68256220
"경남","함양군",의료기관,입원,7359,183837,287155,46968577,37454345
"경남","함양군",의료기관,외래,33675,837949,1594007,42257861,30801876
"경남","함양군",약국,소계,32651,494198,9979736,24239335,17679876
"경남","거창군",합계,소계,56093,1429802,16979082,161178603,122117437
"경남","거창군",의료기관,소계,56089,1429474,2721557,126712527,97004419
"경남","거창군",의료기관,입원,10288,261995,388132,64522529,52100512
"경남","거창군",의료기관,외래,55768,1167479,2333425,62189998,44903907
"경남","거창군",약국,소계,53757,672932,14257525,34466076,25113018
"경남","합천군",합계,소계,37929,1175291,14385873,140984272,106674260
"경남","합천군",의료기관,소계,37903,1174725,2308835,111611484,85419854
"경남","합천군",의료기관,입원,8336,312051,438125,63929854,50882606
"경남","합천군",의료기관,외래,37436,862674,1870710,47681630,34537248
"경남","합천군",약국,소계,36184,498006,12077038,29372788,21254406
"제주","소계",합계,소계,632850,14112705,150514163,1384805739,1050651032
"제주","소계",의료기관,소계,632688,14109873,20622355,1093277951,838142025
"제주","소계",의료기관,입원,85561,1288836,2225865,441360228,364188896
"제주","소계",의료기관,외래,630828,12821037,18396490,651917723,473953129
"제주","소계",약국,소계,606159,6865169,129891808,291527789,212509008
"제주","제주시",합계,소계,460985,9998813,106030908,975654845,740019946
"제주","제주시",의료기관,소계,460877,9997521,14566132,770843060,590849917
"제주","제주시",의료기관,입원,60247,905681,1559693,308318584,254395744
"제주","제주시",의료기관,외래,459516,9091840,13006439,462524476,336454172
"제주","제주시",약국,소계,441476,4940941,91464776,204811785,149170029
"제주","서귀포시",합계,소계,171865,4113892,44483255,409150894,310631087
"제주","서귀포시",의료기관,소계,171811,4112352,6056223,322434890,247292108
"제주","서귀포시",의료기관,입원,25314,383155,666172,133041643,109793152
"제주","서귀포시",의료기관,외래,171312,3729197,5390051,189393247,137498956
"제주","서귀포시",약국,소계,164683,1924228,38427032,86716004,63338979
